Using launch settings from src\SimpleIPaaS.Api\Properties\launchSettings.json...
C:\Users\FurqanIrfan\Documents\fintegrator-main\fintegrator-main\src\SimpleIPaaS.Infrastructure\SimpleIPaaS.Infrastructure.csproj : warning NU1608: Detected package version outside of dependency constraint: Microsoft.CodeAnalysis.CSharp.Workspaces 5.0.0 requires Microsoft.CodeAnalysis.Common (= 5.0.0) but version Microsoft.CodeAnalysis.Common 5.3.0 was resolved. [C:\Users\FurqanIrfan\Documents\fintegrator-main\fintegrator-main\src\SimpleIPaaS.Api\SimpleIPaaS.Api.csproj]
C:\Users\FurqanIrfan\Documents\fintegrator-main\fintegrator-main\src\SimpleIPaaS.Api\SimpleIPaaS.Api.csproj : warning NU1608: Detected package version outside of dependency constraint: Microsoft.CodeAnalysis.CSharp.Workspaces 5.0.0 requires Microsoft.CodeAnalysis.Common (= 5.0.0) but version Microsoft.CodeAnalysis.Common 5.3.0 was resolved.
C:\Users\FurqanIrfan\Documents\fintegrator-main\fintegrator-main\src\SimpleIPaaS.Api\SimpleIPaaS.Api.csproj : warning NU1608: Detected package version outside of dependency constraint: Microsoft.CodeAnalysis.CSharp.Workspaces 5.0.0 requires Microsoft.CodeAnalysis.CSharp (= 5.0.0) but version Microsoft.CodeAnalysis.CSharp 5.3.0 was resolved.
C:\Users\FurqanIrfan\Documents\fintegrator-main\fintegrator-main\src\SimpleIPaaS.Infrastructure\SimpleIPaaS.Infrastructure.csproj : warning NU1608: Detected package version outside of dependency constraint: Microsoft.CodeAnalysis.CSharp.Workspaces 5.0.0 requires Microsoft.CodeAnalysis.CSharp (= 5.0.0) but version Microsoft.CodeAnalysis.CSharp 5.3.0 was resolved. [C:\Users\FurqanIrfan\Documents\fintegrator-main\fintegrator-main\src\SimpleIPaaS.Api\SimpleIPaaS.Api.csproj]
C:\Users\FurqanIrfan\Documents\fintegrator-main\fintegrator-main\src\SimpleIPaaS.Infrastructure\SimpleIPaaS.Infrastructure.csproj : warning NU1608: Detected package version outside of dependency constraint: Microsoft.CodeAnalysis.Workspaces.Common 5.0.0 requires Microsoft.CodeAnalysis.Common (= 5.0.0) but version Microsoft.CodeAnalysis.Common 5.3.0 was resolved. [C:\Users\FurqanIrfan\Documents\fintegrator-main\fintegrator-main\src\SimpleIPaaS.Api\SimpleIPaaS.Api.csproj]
C:\Users\FurqanIrfan\Documents\fintegrator-main\fintegrator-main\src\SimpleIPaaS.Api\SimpleIPaaS.Api.csproj : warning NU1608: Detected package version outside of dependency constraint: Microsoft.CodeAnalysis.Workspaces.Common 5.0.0 requires Microsoft.CodeAnalysis.Common (= 5.0.0) but version Microsoft.CodeAnalysis.Common 5.3.0 was resolved.
C:\Users\FurqanIrfan\Documents\fintegrator-main\fintegrator-main\src\SimpleIPaaS.Api\SimpleIPaaS.Api.csproj : warning NU1903: Package 'SQLitePCLRaw.lib.e_sqlite3' 2.1.11 has a known high severity vulnerability, https://github.com/advisories/GHSA-2m69-gcr7-jv3q
C:\Users\FurqanIrfan\Documents\fintegrator-main\fintegrator-main\src\SimpleIPaaS.Infrastructure\SimpleIPaaS.Infrastructure.csproj : warning NU1903: Package 'SQLitePCLRaw.lib.e_sqlite3' 2.1.11 has a known high severity vulnerability, https://github.com/advisories/GHSA-2m69-gcr7-jv3q [C:\Users\FurqanIrfan\Documents\fintegrator-main\fintegrator-main\src\SimpleIPaaS.Api\SimpleIPaaS.Api.csproj]
C:\Users\FurqanIrfan\Documents\fintegrator-main\fintegrator-main\src\SimpleIPaaS.Api\SimpleIPaaS.Api.csproj : warning NU1608: Detected package version outside of dependency constraint: Microsoft.CodeAnalysis.CSharp.Workspaces 5.0.0 requires Microsoft.CodeAnalysis.Common (= 5.0.0) but version Microsoft.CodeAnalysis.Common 5.3.0 was resolved.
C:\Users\FurqanIrfan\Documents\fintegrator-main\fintegrator-main\src\SimpleIPaaS.Api\SimpleIPaaS.Api.csproj : warning NU1608: Detected package version outside of dependency constraint: Microsoft.CodeAnalysis.CSharp.Workspaces 5.0.0 requires Microsoft.CodeAnalysis.CSharp (= 5.0.0) but version Microsoft.CodeAnalysis.CSharp 5.3.0 was resolved.
C:\Users\FurqanIrfan\Documents\fintegrator-main\fintegrator-main\src\SimpleIPaaS.Api\SimpleIPaaS.Api.csproj : warning NU1608: Detected package version outside of dependency constraint: Microsoft.CodeAnalysis.Workspaces.Common 5.0.0 requires Microsoft.CodeAnalysis.Common (= 5.0.0) but version Microsoft.CodeAnalysis.Common 5.3.0 was resolved.
C:\Users\FurqanIrfan\Documents\fintegrator-main\fintegrator-main\src\SimpleIPaaS.Api\SimpleIPaaS.Api.csproj : warning NU1903: Package 'SQLitePCLRaw.lib.e_sqlite3' 2.1.11 has a known high severity vulnerability, https://github.com/advisories/GHSA-2m69-gcr7-jv3q
C:\Users\FurqanIrfan\Documents\fintegrator-main\fintegrator-main\src\SimpleIPaaS.Infrastructure\SimpleIPaaS.Infrastructure.csproj : warning NU1608: Detected package version outside of dependency constraint: Microsoft.CodeAnalysis.CSharp.Workspaces 5.0.0 requires Microsoft.CodeAnalysis.Common (= 5.0.0) but version Microsoft.CodeAnalysis.Common 5.3.0 was resolved.
C:\Users\FurqanIrfan\Documents\fintegrator-main\fintegrator-main\src\SimpleIPaaS.Infrastructure\SimpleIPaaS.Infrastructure.csproj : warning NU1608: Detected package version outside of dependency constraint: Microsoft.CodeAnalysis.CSharp.Workspaces 5.0.0 requires Microsoft.CodeAnalysis.CSharp (= 5.0.0) but version Microsoft.CodeAnalysis.CSharp 5.3.0 was resolved.
C:\Users\FurqanIrfan\Documents\fintegrator-main\fintegrator-main\src\SimpleIPaaS.Infrastructure\SimpleIPaaS.Infrastructure.csproj : warning NU1608: Detected package version outside of dependency constraint: Microsoft.CodeAnalysis.Workspaces.Common 5.0.0 requires Microsoft.CodeAnalysis.Common (= 5.0.0) but version Microsoft.CodeAnalysis.Common 5.3.0 was resolved.
C:\Users\FurqanIrfan\Documents\fintegrator-main\fintegrator-main\src\SimpleIPaaS.Infrastructure\SimpleIPaaS.Infrastructure.csproj : warning NU1903: Package 'SQLitePCLRaw.lib.e_sqlite3' 2.1.11 has a known high severity vulnerability, https://github.com/advisories/GHSA-2m69-gcr7-jv3q
info: Microsoft.EntityFrameworkCore.Database.Command[20101]
      Executed DbCommand (68ms) [Parameters=[], CommandType='Text', CommandTimeout='30']
      SELECT COUNT(*) FROM "sqlite_master" WHERE "type" = 'table' AND "rootpage" IS NOT NULL;
info: SimpleIPaaS.Infrastructure.Services.FlowExecutionBackgroundWorker[0]
      FlowExecutionBackgroundWorker is starting.
info: Microsoft.Hosting.Lifetime[14]
      Now listening on: http://localhost:5000
info: Microsoft.Hosting.Lifetime[0]
      Application started. Press Ctrl+C to shut down.
info: Microsoft.Hosting.Lifetime[0]
      Hosting environment: Development
info: Microsoft.Hosting.Lifetime[0]
      Content root path: C:\Users\FurqanIrfan\Documents\fintegrator-main\fintegrator-main\src\SimpleIPaaS.Api
info: Microsoft.EntityFrameworkCore.Database.Command[20101]
      Executed DbCommand (42ms) [Parameters=[@ef_filter__TenantId='?' (DbType = Guid), @p='?' (DbType = Int32)], CommandType='Text', CommandTimeout='30']
      SELECT "d"."Id", "d"."CreatedAt", "d"."ErrorMessage", "d"."FlowExecutionId", "d"."LastRetriedAt", "d"."Payload", "d"."RetryCount", "d"."Status", "d"."StepId", "d"."TenantId"
      FROM "DeadLetterEntries" AS "d"
      WHERE "d"."TenantId" = @ef_filter__TenantId AND "d"."Status" = 'Pending'
      ORDER BY "d"."CreatedAt"
      LIMIT @p
info: Microsoft.EntityFrameworkCore.Database.Command[20101]
      Executed DbCommand (1ms) [Parameters=[@ef_filter__TenantId='?' (DbType = Guid)], CommandType='Text', CommandTimeout='30']
      SELECT "c"."Id", "c"."AuthConfigJson", "c"."AuthType", "c"."BaseUrl", "c"."CreatedAt", "c"."Name", "c"."Status", "c"."TenantId", "c"."UpdatedAt"
      FROM "Connections" AS "c"
      WHERE "c"."TenantId" = @ef_filter__TenantId
warn: Microsoft.EntityFrameworkCore.Query[20504]
      Compiling a query which loads related collections for more than one collection navigation, either via 'Include' or through projection, but no 'QuerySplittingBehavior' has been configured. By default, Entity Framework will use 'QuerySplittingBehavior.SingleQuery', which can potentially result in slow query performance. See https://go.microsoft.com/fwlink/?linkid=2134277 for more information. To identify the query that's triggering this warning call 'ConfigureWarnings(w => w.Throw(RelationalEventId.MultipleCollectionIncludeWarning))'.
info: Microsoft.EntityFrameworkCore.Database.Command[20101]
      Executed DbCommand (4ms) [Parameters=[@ef_filter__TenantId='?' (DbType = Guid)], CommandType='Text', CommandTimeout='30']
      SELECT "i"."Id", "i"."CreatedAt", "i"."Description", "i"."Name", "i"."TenantId", "i"."UpdatedAt", "s"."Id", "s"."CreatedAt", "s"."CronExpression", "s"."Description", "s"."IntegrationId", "s"."Name", "s"."PersistedStateJson", "s"."Status", "s"."TenantId", "s"."TriggerType", "s"."UpdatedAt", "s"."WebhookSecret", "s"."Id0", "s"."AuthPassword", "s"."AuthToken", "s"."AuthType", "s"."AuthUsername", "s"."ConnectionId", "s"."EndpointUrl", "s"."FlowId", "s"."HttpMethod", "s"."MappingCode", "s"."NodeName", "s"."PositionX", "s"."PositionY", "s"."PostFlightCode", "s"."PreFlightCode", "s"."StepConfig", "s"."StepType", "s"."TenantId0", "s"."UrlCode", "s"."UrlMode", "s"."Id1", "s"."Condition", "s"."FlowId0", "s"."Order", "s"."SourceNodeId", "s"."SourcePortId", "s"."TargetNodeId", "s"."TargetPortId", "s"."TenantId1"
      FROM "Integrations" AS "i"
      LEFT JOIN (
          SELECT "i0"."Id", "i0"."CreatedAt", "i0"."CronExpression", "i0"."Description", "i0"."IntegrationId", "i0"."Name", "i0"."PersistedStateJson", "i0"."Status", "i0"."TenantId", "i0"."TriggerType", "i0"."UpdatedAt", "i0"."WebhookSecret", "i3"."Id" AS "Id0", "i3"."AuthPassword", "i3"."AuthToken", "i3"."AuthType", "i3"."AuthUsername", "i3"."ConnectionId", "i3"."EndpointUrl", "i3"."FlowId", "i3"."HttpMethod", "i3"."MappingCode", "i3"."NodeName", "i3"."PositionX", "i3"."PositionY", "i3"."PostFlightCode", "i3"."PreFlightCode", "i3"."StepConfig", "i3"."StepType", "i3"."TenantId" AS "TenantId0", "i3"."UrlCode", "i3"."UrlMode", "i4"."Id" AS "Id1", "i4"."Condition", "i4"."FlowId" AS "FlowId0", "i4"."Order", "i4"."SourceNodeId", "i4"."SourcePortId", "i4"."TargetNodeId", "i4"."TargetPortId", "i4"."TenantId" AS "TenantId1"
          FROM "IntegrationFlows" AS "i0"
          LEFT JOIN (
              SELECT "i1"."Id", "i1"."AuthPassword", "i1"."AuthToken", "i1"."AuthType", "i1"."AuthUsername", "i1"."ConnectionId", "i1"."EndpointUrl", "i1"."FlowId", "i1"."HttpMethod", "i1"."MappingCode", "i1"."NodeName", "i1"."PositionX", "i1"."PositionY", "i1"."PostFlightCode", "i1"."PreFlightCode", "i1"."StepConfig", "i1"."StepType", "i1"."TenantId", "i1"."UrlCode", "i1"."UrlMode"
              FROM "IntegrationSteps" AS "i1"
              WHERE "i1"."TenantId" = @ef_filter__TenantId
          ) AS "i3" ON "i0"."Id" = "i3"."FlowId"
          LEFT JOIN (
              SELECT "i2"."Id", "i2"."Condition", "i2"."FlowId", "i2"."Order", "i2"."SourceNodeId", "i2"."SourcePortId", "i2"."TargetNodeId", "i2"."TargetPortId", "i2"."TenantId"
              FROM "IntegrationEdges" AS "i2"
              WHERE "i2"."TenantId" = @ef_filter__TenantId
          ) AS "i4" ON "i0"."Id" = "i4"."FlowId"
          WHERE "i0"."TenantId" = @ef_filter__TenantId
      ) AS "s" ON "i"."Id" = "s"."IntegrationId"
      WHERE "i"."TenantId" = @ef_filter__TenantId
      ORDER BY "i"."Name", "i"."Id", "s"."UpdatedAt" DESC, "s"."Id", "s"."Id0"
info: Microsoft.EntityFrameworkCore.Database.Command[20101]
      Executed DbCommand (0ms) [Parameters=[@ef_filter__TenantId='?' (DbType = Guid), @p='?' (DbType = Int32)], CommandType='Text', CommandTimeout='30']
      SELECT "d"."Id", "d"."CreatedAt", "d"."ErrorMessage", "d"."FlowExecutionId", "d"."LastRetriedAt", "d"."Payload", "d"."RetryCount", "d"."Status", "d"."StepId", "d"."TenantId"
      FROM "DeadLetterEntries" AS "d"
      WHERE "d"."TenantId" = @ef_filter__TenantId AND "d"."Status" = 'Pending'
      ORDER BY "d"."CreatedAt"
      LIMIT @p
info: Microsoft.EntityFrameworkCore.Database.Command[20101]
      Executed DbCommand (1ms) [Parameters=[@ef_filter__TenantId='?' (DbType = Guid), @p='?' (DbType = Int32)], CommandType='Text', CommandTimeout='30']
      SELECT "d"."Id", "d"."CreatedAt", "d"."ErrorMessage", "d"."FlowExecutionId", "d"."LastRetriedAt", "d"."Payload", "d"."RetryCount", "d"."Status", "d"."StepId", "d"."TenantId"
      FROM "DeadLetterEntries" AS "d"
      WHERE "d"."TenantId" = @ef_filter__TenantId AND "d"."Status" = 'Pending'
      ORDER BY "d"."CreatedAt"
      LIMIT @p
info: Microsoft.EntityFrameworkCore.Database.Command[20101]
      Executed DbCommand (0ms) [Parameters=[@ef_filter__TenantId='?' (DbType = Guid), @p='?' (DbType = Int32)], CommandType='Text', CommandTimeout='30']
      SELECT "d"."Id", "d"."CreatedAt", "d"."ErrorMessage", "d"."FlowExecutionId", "d"."LastRetriedAt", "d"."Payload", "d"."RetryCount", "d"."Status", "d"."StepId", "d"."TenantId"
      FROM "DeadLetterEntries" AS "d"
      WHERE "d"."TenantId" = @ef_filter__TenantId AND "d"."Status" = 'Pending'
      ORDER BY "d"."CreatedAt"
      LIMIT @p
info: Microsoft.EntityFrameworkCore.Database.Command[20101]
      Executed DbCommand (0ms) [Parameters=[@ef_filter__TenantId='?' (DbType = Guid), @p='?' (DbType = Int32)], CommandType='Text', CommandTimeout='30']
      SELECT "d"."Id", "d"."CreatedAt", "d"."ErrorMessage", "d"."FlowExecutionId", "d"."LastRetriedAt", "d"."Payload", "d"."RetryCount", "d"."Status", "d"."StepId", "d"."TenantId"
      FROM "DeadLetterEntries" AS "d"
      WHERE "d"."TenantId" = @ef_filter__TenantId AND "d"."Status" = 'Pending'
      ORDER BY "d"."CreatedAt"
      LIMIT @p
info: Microsoft.EntityFrameworkCore.Database.Command[20101]
      Executed DbCommand (1ms) [Parameters=[@ef_filter__TenantId='?' (DbType = Guid), @p='?' (DbType = Int32)], CommandType='Text', CommandTimeout='30']
      SELECT "d"."Id", "d"."CreatedAt", "d"."ErrorMessage", "d"."FlowExecutionId", "d"."LastRetriedAt", "d"."Payload", "d"."RetryCount", "d"."Status", "d"."StepId", "d"."TenantId"
      FROM "DeadLetterEntries" AS "d"
      WHERE "d"."TenantId" = @ef_filter__TenantId AND "d"."Status" = 'Pending'
      ORDER BY "d"."CreatedAt"
      LIMIT @p
info: Microsoft.EntityFrameworkCore.Database.Command[20101]
      Executed DbCommand (0ms) [Parameters=[@ef_filter__TenantId='?' (DbType = Guid), @p='?' (DbType = Int32)], CommandType='Text', CommandTimeout='30']
      SELECT "d"."Id", "d"."CreatedAt", "d"."ErrorMessage", "d"."FlowExecutionId", "d"."LastRetriedAt", "d"."Payload", "d"."RetryCount", "d"."Status", "d"."StepId", "d"."TenantId"
      FROM "DeadLetterEntries" AS "d"
      WHERE "d"."TenantId" = @ef_filter__TenantId AND "d"."Status" = 'Pending'
      ORDER BY "d"."CreatedAt"
      LIMIT @p
info: Microsoft.EntityFrameworkCore.Database.Command[20101]
      Executed DbCommand (0ms) [Parameters=[@ef_filter__TenantId='?' (DbType = Guid), @p='?' (DbType = Int32)], CommandType='Text', CommandTimeout='30']
      SELECT "d"."Id", "d"."CreatedAt", "d"."ErrorMessage", "d"."FlowExecutionId", "d"."LastRetriedAt", "d"."Payload", "d"."RetryCount", "d"."Status", "d"."StepId", "d"."TenantId"
      FROM "DeadLetterEntries" AS "d"
      WHERE "d"."TenantId" = @ef_filter__TenantId AND "d"."Status" = 'Pending'
      ORDER BY "d"."CreatedAt"
      LIMIT @p
info: Microsoft.EntityFrameworkCore.Database.Command[20101]
      Executed DbCommand (1ms) [Parameters=[@ef_filter__TenantId='?' (DbType = Guid), @p='?' (DbType = Int32)], CommandType='Text', CommandTimeout='30']
      SELECT "d"."Id", "d"."CreatedAt", "d"."ErrorMessage", "d"."FlowExecutionId", "d"."LastRetriedAt", "d"."Payload", "d"."RetryCount", "d"."Status", "d"."StepId", "d"."TenantId"
      FROM "DeadLetterEntries" AS "d"
      WHERE "d"."TenantId" = @ef_filter__TenantId AND "d"."Status" = 'Pending'
      ORDER BY "d"."CreatedAt"
      LIMIT @p
info: Microsoft.EntityFrameworkCore.Database.Command[20101]
      Executed DbCommand (1ms) [Parameters=[@ef_filter__TenantId='?' (DbType = Guid), @p='?' (DbType = Int32)], CommandType='Text', CommandTimeout='30']
      SELECT "d"."Id", "d"."CreatedAt", "d"."ErrorMessage", "d"."FlowExecutionId", "d"."LastRetriedAt", "d"."Payload", "d"."RetryCount", "d"."Status", "d"."StepId", "d"."TenantId"
      FROM "DeadLetterEntries" AS "d"
      WHERE "d"."TenantId" = @ef_filter__TenantId AND "d"."Status" = 'Pending'
      ORDER BY "d"."CreatedAt"
      LIMIT @p
info: Microsoft.EntityFrameworkCore.Database.Command[20101]
      Executed DbCommand (0ms) [Parameters=[@ef_filter__TenantId='?' (DbType = Guid), @p='?' (DbType = Int32)], CommandType='Text', CommandTimeout='30']
      SELECT "d"."Id", "d"."CreatedAt", "d"."ErrorMessage", "d"."FlowExecutionId", "d"."LastRetriedAt", "d"."Payload", "d"."RetryCount", "d"."Status", "d"."StepId", "d"."TenantId"
      FROM "DeadLetterEntries" AS "d"
      WHERE "d"."TenantId" = @ef_filter__TenantId AND "d"."Status" = 'Pending'
      ORDER BY "d"."CreatedAt"
      LIMIT @p
info: Microsoft.EntityFrameworkCore.Database.Command[20101]
      Executed DbCommand (0ms) [Parameters=[@ef_filter__TenantId='?' (DbType = Guid), @p='?' (DbType = Int32)], CommandType='Text', CommandTimeout='30']
      SELECT "d"."Id", "d"."CreatedAt", "d"."ErrorMessage", "d"."FlowExecutionId", "d"."LastRetriedAt", "d"."Payload", "d"."RetryCount", "d"."Status", "d"."StepId", "d"."TenantId"
      FROM "DeadLetterEntries" AS "d"
      WHERE "d"."TenantId" = @ef_filter__TenantId AND "d"."Status" = 'Pending'
      ORDER BY "d"."CreatedAt"
      LIMIT @p
info: Microsoft.EntityFrameworkCore.Database.Command[20101]
      Executed DbCommand (0ms) [Parameters=[@ef_filter__TenantId='?' (DbType = Guid), @p='?' (DbType = Int32)], CommandType='Text', CommandTimeout='30']
      SELECT "d"."Id", "d"."CreatedAt", "d"."ErrorMessage", "d"."FlowExecutionId", "d"."LastRetriedAt", "d"."Payload", "d"."RetryCount", "d"."Status", "d"."StepId", "d"."TenantId"
      FROM "DeadLetterEntries" AS "d"
      WHERE "d"."TenantId" = @ef_filter__TenantId AND "d"."Status" = 'Pending'
      ORDER BY "d"."CreatedAt"
      LIMIT @p
info: Microsoft.EntityFrameworkCore.Database.Command[20101]
      Executed DbCommand (0ms) [Parameters=[@ef_filter__TenantId='?' (DbType = Guid), @p='?' (DbType = Int32)], CommandType='Text', CommandTimeout='30']
      SELECT "d"."Id", "d"."CreatedAt", "d"."ErrorMessage", "d"."FlowExecutionId", "d"."LastRetriedAt", "d"."Payload", "d"."RetryCount", "d"."Status", "d"."StepId", "d"."TenantId"
      FROM "DeadLetterEntries" AS "d"
      WHERE "d"."TenantId" = @ef_filter__TenantId AND "d"."Status" = 'Pending'
      ORDER BY "d"."CreatedAt"
      LIMIT @p
info: Microsoft.EntityFrameworkCore.Database.Command[20101]
      Executed DbCommand (0ms) [Parameters=[@ef_filter__TenantId='?' (DbType = Guid), @p='?' (DbType = Int32)], CommandType='Text', CommandTimeout='30']
      SELECT "d"."Id", "d"."CreatedAt", "d"."ErrorMessage", "d"."FlowExecutionId", "d"."LastRetriedAt", "d"."Payload", "d"."RetryCount", "d"."Status", "d"."StepId", "d"."TenantId"
      FROM "DeadLetterEntries" AS "d"
      WHERE "d"."TenantId" = @ef_filter__TenantId AND "d"."Status" = 'Pending'
      ORDER BY "d"."CreatedAt"
      LIMIT @p
info: Microsoft.EntityFrameworkCore.Database.Command[20101]
      Executed DbCommand (0ms) [Parameters=[@ef_filter__TenantId='?' (DbType = Guid), @p='?' (DbType = Int32)], CommandType='Text', CommandTimeout='30']
      SELECT "d"."Id", "d"."CreatedAt", "d"."ErrorMessage", "d"."FlowExecutionId", "d"."LastRetriedAt", "d"."Payload", "d"."RetryCount", "d"."Status", "d"."StepId", "d"."TenantId"
      FROM "DeadLetterEntries" AS "d"
      WHERE "d"."TenantId" = @ef_filter__TenantId AND "d"."Status" = 'Pending'
      ORDER BY "d"."CreatedAt"
      LIMIT @p
info: Microsoft.EntityFrameworkCore.Database.Command[20101]
      Executed DbCommand (0ms) [Parameters=[@ef_filter__TenantId='?' (DbType = Guid), @p='?' (DbType = Int32)], CommandType='Text', CommandTimeout='30']
      SELECT "d"."Id", "d"."CreatedAt", "d"."ErrorMessage", "d"."FlowExecutionId", "d"."LastRetriedAt", "d"."Payload", "d"."RetryCount", "d"."Status", "d"."StepId", "d"."TenantId"
      FROM "DeadLetterEntries" AS "d"
      WHERE "d"."TenantId" = @ef_filter__TenantId AND "d"."Status" = 'Pending'
      ORDER BY "d"."CreatedAt"
      LIMIT @p
info: Microsoft.EntityFrameworkCore.Database.Command[20101]
      Executed DbCommand (1ms) [Parameters=[@ef_filter__TenantId='?' (DbType = Guid), @p='?' (DbType = Int32)], CommandType='Text', CommandTimeout='30']
      SELECT "d"."Id", "d"."CreatedAt", "d"."ErrorMessage", "d"."FlowExecutionId", "d"."LastRetriedAt", "d"."Payload", "d"."RetryCount", "d"."Status", "d"."StepId", "d"."TenantId"
      FROM "DeadLetterEntries" AS "d"
      WHERE "d"."TenantId" = @ef_filter__TenantId AND "d"."Status" = 'Pending'
      ORDER BY "d"."CreatedAt"
      LIMIT @p
info: Microsoft.EntityFrameworkCore.Database.Command[20101]
      Executed DbCommand (0ms) [Parameters=[@ef_filter__TenantId='?' (DbType = Guid), @p='?' (DbType = Int32)], CommandType='Text', CommandTimeout='30']
      SELECT "d"."Id", "d"."CreatedAt", "d"."ErrorMessage", "d"."FlowExecutionId", "d"."LastRetriedAt", "d"."Payload", "d"."RetryCount", "d"."Status", "d"."StepId", "d"."TenantId"
      FROM "DeadLetterEntries" AS "d"
      WHERE "d"."TenantId" = @ef_filter__TenantId AND "d"."Status" = 'Pending'
      ORDER BY "d"."CreatedAt"
      LIMIT @p
info: Microsoft.EntityFrameworkCore.Database.Command[20101]
      Executed DbCommand (0ms) [Parameters=[@ef_filter__TenantId='?' (DbType = Guid), @p='?' (DbType = Int32)], CommandType='Text', CommandTimeout='30']
      SELECT "d"."Id", "d"."CreatedAt", "d"."ErrorMessage", "d"."FlowExecutionId", "d"."LastRetriedAt", "d"."Payload", "d"."RetryCount", "d"."Status", "d"."StepId", "d"."TenantId"
      FROM "DeadLetterEntries" AS "d"
      WHERE "d"."TenantId" = @ef_filter__TenantId AND "d"."Status" = 'Pending'
      ORDER BY "d"."CreatedAt"
      LIMIT @p
info: Microsoft.EntityFrameworkCore.Database.Command[20101]
      Executed DbCommand (1ms) [Parameters=[@ef_filter__TenantId='?' (DbType = Guid), @p='?' (DbType = Int32)], CommandType='Text', CommandTimeout='30']
      SELECT "d"."Id", "d"."CreatedAt", "d"."ErrorMessage", "d"."FlowExecutionId", "d"."LastRetriedAt", "d"."Payload", "d"."RetryCount", "d"."Status", "d"."StepId", "d"."TenantId"
      FROM "DeadLetterEntries" AS "d"
      WHERE "d"."TenantId" = @ef_filter__TenantId AND "d"."Status" = 'Pending'
      ORDER BY "d"."CreatedAt"
      LIMIT @p
info: Microsoft.EntityFrameworkCore.Database.Command[20101]
      Executed DbCommand (1ms) [Parameters=[@ef_filter__TenantId='?' (DbType = Guid), @p='?' (DbType = Int32)], CommandType='Text', CommandTimeout='30']
      SELECT "d"."Id", "d"."CreatedAt", "d"."ErrorMessage", "d"."FlowExecutionId", "d"."LastRetriedAt", "d"."Payload", "d"."RetryCount", "d"."Status", "d"."StepId", "d"."TenantId"
      FROM "DeadLetterEntries" AS "d"
      WHERE "d"."TenantId" = @ef_filter__TenantId AND "d"."Status" = 'Pending'
      ORDER BY "d"."CreatedAt"
      LIMIT @p
info: Microsoft.EntityFrameworkCore.Database.Command[20101]
      Executed DbCommand (1ms) [Parameters=[@ef_filter__TenantId='?' (DbType = Guid), @p='?' (DbType = Int32)], CommandType='Text', CommandTimeout='30']
      SELECT "d"."Id", "d"."CreatedAt", "d"."ErrorMessage", "d"."FlowExecutionId", "d"."LastRetriedAt", "d"."Payload", "d"."RetryCount", "d"."Status", "d"."StepId", "d"."TenantId"
      FROM "DeadLetterEntries" AS "d"
      WHERE "d"."TenantId" = @ef_filter__TenantId AND "d"."Status" = 'Pending'
      ORDER BY "d"."CreatedAt"
      LIMIT @p
info: Microsoft.EntityFrameworkCore.Database.Command[20101]
      Executed DbCommand (0ms) [Parameters=[@ef_filter__TenantId='?' (DbType = Guid), @p='?' (DbType = Int32)], CommandType='Text', CommandTimeout='30']
      SELECT "d"."Id", "d"."CreatedAt", "d"."ErrorMessage", "d"."FlowExecutionId", "d"."LastRetriedAt", "d"."Payload", "d"."RetryCount", "d"."Status", "d"."StepId", "d"."TenantId"
      FROM "DeadLetterEntries" AS "d"
      WHERE "d"."TenantId" = @ef_filter__TenantId AND "d"."Status" = 'Pending'
      ORDER BY "d"."CreatedAt"
      LIMIT @p
info: Microsoft.EntityFrameworkCore.Database.Command[20101]
      Executed DbCommand (1ms) [Parameters=[@ef_filter__TenantId='?' (DbType = Guid), @p='?' (DbType = Int32)], CommandType='Text', CommandTimeout='30']
      SELECT "d"."Id", "d"."CreatedAt", "d"."ErrorMessage", "d"."FlowExecutionId", "d"."LastRetriedAt", "d"."Payload", "d"."RetryCount", "d"."Status", "d"."StepId", "d"."TenantId"
      FROM "DeadLetterEntries" AS "d"
      WHERE "d"."TenantId" = @ef_filter__TenantId AND "d"."Status" = 'Pending'
      ORDER BY "d"."CreatedAt"
      LIMIT @p
info: Microsoft.EntityFrameworkCore.Database.Command[20101]
      Executed DbCommand (0ms) [Parameters=[@ef_filter__TenantId='?' (DbType = Guid), @p='?' (DbType = Int32)], CommandType='Text', CommandTimeout='30']
      SELECT "d"."Id", "d"."CreatedAt", "d"."ErrorMessage", "d"."FlowExecutionId", "d"."LastRetriedAt", "d"."Payload", "d"."RetryCount", "d"."Status", "d"."StepId", "d"."TenantId"
      FROM "DeadLetterEntries" AS "d"
      WHERE "d"."TenantId" = @ef_filter__TenantId AND "d"."Status" = 'Pending'
      ORDER BY "d"."CreatedAt"
      LIMIT @p
info: Microsoft.EntityFrameworkCore.Database.Command[20101]
      Executed DbCommand (0ms) [Parameters=[@ef_filter__TenantId='?' (DbType = Guid), @p='?' (DbType = Int32)], CommandType='Text', CommandTimeout='30']
      SELECT "d"."Id", "d"."CreatedAt", "d"."ErrorMessage", "d"."FlowExecutionId", "d"."LastRetriedAt", "d"."Payload", "d"."RetryCount", "d"."Status", "d"."StepId", "d"."TenantId"
      FROM "DeadLetterEntries" AS "d"
      WHERE "d"."TenantId" = @ef_filter__TenantId AND "d"."Status" = 'Pending'
      ORDER BY "d"."CreatedAt"
      LIMIT @p
info: Microsoft.EntityFrameworkCore.Database.Command[20101]
      Executed DbCommand (1ms) [Parameters=[@ef_filter__TenantId='?' (DbType = Guid), @p='?' (DbType = Int32)], CommandType='Text', CommandTimeout='30']
      SELECT "d"."Id", "d"."CreatedAt", "d"."ErrorMessage", "d"."FlowExecutionId", "d"."LastRetriedAt", "d"."Payload", "d"."RetryCount", "d"."Status", "d"."StepId", "d"."TenantId"
      FROM "DeadLetterEntries" AS "d"
      WHERE "d"."TenantId" = @ef_filter__TenantId AND "d"."Status" = 'Pending'
      ORDER BY "d"."CreatedAt"
      LIMIT @p
info: Microsoft.EntityFrameworkCore.Database.Command[20101]
      Executed DbCommand (1ms) [Parameters=[@ef_filter__TenantId='?' (DbType = Guid), @p='?' (DbType = Int32)], CommandType='Text', CommandTimeout='30']
      SELECT "d"."Id", "d"."CreatedAt", "d"."ErrorMessage", "d"."FlowExecutionId", "d"."LastRetriedAt", "d"."Payload", "d"."RetryCount", "d"."Status", "d"."StepId", "d"."TenantId"
      FROM "DeadLetterEntries" AS "d"
      WHERE "d"."TenantId" = @ef_filter__TenantId AND "d"."Status" = 'Pending'
      ORDER BY "d"."CreatedAt"
      LIMIT @p
info: Microsoft.EntityFrameworkCore.Database.Command[20101]
      Executed DbCommand (1ms) [Parameters=[@ef_filter__TenantId='?' (DbType = Guid), @p='?' (DbType = Int32)], CommandType='Text', CommandTimeout='30']
      SELECT "d"."Id", "d"."CreatedAt", "d"."ErrorMessage", "d"."FlowExecutionId", "d"."LastRetriedAt", "d"."Payload", "d"."RetryCount", "d"."Status", "d"."StepId", "d"."TenantId"
      FROM "DeadLetterEntries" AS "d"
      WHERE "d"."TenantId" = @ef_filter__TenantId AND "d"."Status" = 'Pending'
      ORDER BY "d"."CreatedAt"
      LIMIT @p
info: Microsoft.EntityFrameworkCore.Database.Command[20101]
      Executed DbCommand (2ms) [Parameters=[@ef_filter__TenantId='?' (DbType = Guid), @p='?' (DbType = Int32)], CommandType='Text', CommandTimeout='30']
      SELECT "d"."Id", "d"."CreatedAt", "d"."ErrorMessage", "d"."FlowExecutionId", "d"."LastRetriedAt", "d"."Payload", "d"."RetryCount", "d"."Status", "d"."StepId", "d"."TenantId"
      FROM "DeadLetterEntries" AS "d"
      WHERE "d"."TenantId" = @ef_filter__TenantId AND "d"."Status" = 'Pending'
      ORDER BY "d"."CreatedAt"
      LIMIT @p
info: Microsoft.EntityFrameworkCore.Database.Command[20101]
      Executed DbCommand (0ms) [Parameters=[@ef_filter__TenantId='?' (DbType = Guid), @p='?' (DbType = Int32)], CommandType='Text', CommandTimeout='30']
      SELECT "d"."Id", "d"."CreatedAt", "d"."ErrorMessage", "d"."FlowExecutionId", "d"."LastRetriedAt", "d"."Payload", "d"."RetryCount", "d"."Status", "d"."StepId", "d"."TenantId"
      FROM "DeadLetterEntries" AS "d"
      WHERE "d"."TenantId" = @ef_filter__TenantId AND "d"."Status" = 'Pending'
      ORDER BY "d"."CreatedAt"
      LIMIT @p
info: Microsoft.EntityFrameworkCore.Database.Command[20101]
      Executed DbCommand (1ms) [Parameters=[@ef_filter__TenantId='?' (DbType = Guid), @p='?' (DbType = Int32)], CommandType='Text', CommandTimeout='30']
      SELECT "d"."Id", "d"."CreatedAt", "d"."ErrorMessage", "d"."FlowExecutionId", "d"."LastRetriedAt", "d"."Payload", "d"."RetryCount", "d"."Status", "d"."StepId", "d"."TenantId"
      FROM "DeadLetterEntries" AS "d"
      WHERE "d"."TenantId" = @ef_filter__TenantId AND "d"."Status" = 'Pending'
      ORDER BY "d"."CreatedAt"
      LIMIT @p
info: Microsoft.EntityFrameworkCore.Database.Command[20101]
      Executed DbCommand (0ms) [Parameters=[@ef_filter__TenantId='?' (DbType = Guid), @p='?' (DbType = Int32)], CommandType='Text', CommandTimeout='30']
      SELECT "d"."Id", "d"."CreatedAt", "d"."ErrorMessage", "d"."FlowExecutionId", "d"."LastRetriedAt", "d"."Payload", "d"."RetryCount", "d"."Status", "d"."StepId", "d"."TenantId"
      FROM "DeadLetterEntries" AS "d"
      WHERE "d"."TenantId" = @ef_filter__TenantId AND "d"."Status" = 'Pending'
      ORDER BY "d"."CreatedAt"
      LIMIT @p
info: Microsoft.EntityFrameworkCore.Database.Command[20101]
      Executed DbCommand (1ms) [Parameters=[@ef_filter__TenantId='?' (DbType = Guid), @p='?' (DbType = Int32)], CommandType='Text', CommandTimeout='30']
      SELECT "d"."Id", "d"."CreatedAt", "d"."ErrorMessage", "d"."FlowExecutionId", "d"."LastRetriedAt", "d"."Payload", "d"."RetryCount", "d"."Status", "d"."StepId", "d"."TenantId"
      FROM "DeadLetterEntries" AS "d"
      WHERE "d"."TenantId" = @ef_filter__TenantId AND "d"."Status" = 'Pending'
      ORDER BY "d"."CreatedAt"
      LIMIT @p
info: Microsoft.EntityFrameworkCore.Database.Command[20101]
      Executed DbCommand (1ms) [Parameters=[@ef_filter__TenantId='?' (DbType = Guid), @p='?' (DbType = Int32)], CommandType='Text', CommandTimeout='30']
      SELECT "d"."Id", "d"."CreatedAt", "d"."ErrorMessage", "d"."FlowExecutionId", "d"."LastRetriedAt", "d"."Payload", "d"."RetryCount", "d"."Status", "d"."StepId", "d"."TenantId"
      FROM "DeadLetterEntries" AS "d"
      WHERE "d"."TenantId" = @ef_filter__TenantId AND "d"."Status" = 'Pending'
      ORDER BY "d"."CreatedAt"
      LIMIT @p
info: Microsoft.EntityFrameworkCore.Database.Command[20101]
      Executed DbCommand (1ms) [Parameters=[@ef_filter__TenantId='?' (DbType = Guid), @p='?' (DbType = Int32)], CommandType='Text', CommandTimeout='30']
      SELECT "d"."Id", "d"."CreatedAt", "d"."ErrorMessage", "d"."FlowExecutionId", "d"."LastRetriedAt", "d"."Payload", "d"."RetryCount", "d"."Status", "d"."StepId", "d"."TenantId"
      FROM "DeadLetterEntries" AS "d"
      WHERE "d"."TenantId" = @ef_filter__TenantId AND "d"."Status" = 'Pending'
      ORDER BY "d"."CreatedAt"
      LIMIT @p
info: Microsoft.EntityFrameworkCore.Database.Command[20101]
      Executed DbCommand (0ms) [Parameters=[@ef_filter__TenantId='?' (DbType = Guid), @p='?' (DbType = Int32)], CommandType='Text', CommandTimeout='30']
      SELECT "d"."Id", "d"."CreatedAt", "d"."ErrorMessage", "d"."FlowExecutionId", "d"."LastRetriedAt", "d"."Payload", "d"."RetryCount", "d"."Status", "d"."StepId", "d"."TenantId"
      FROM "DeadLetterEntries" AS "d"
      WHERE "d"."TenantId" = @ef_filter__TenantId AND "d"."Status" = 'Pending'
      ORDER BY "d"."CreatedAt"
      LIMIT @p
info: Microsoft.EntityFrameworkCore.Database.Command[20101]
      Executed DbCommand (0ms) [Parameters=[@ef_filter__TenantId='?' (DbType = Guid), @p='?' (DbType = Int32)], CommandType='Text', CommandTimeout='30']
      SELECT "d"."Id", "d"."CreatedAt", "d"."ErrorMessage", "d"."FlowExecutionId", "d"."LastRetriedAt", "d"."Payload", "d"."RetryCount", "d"."Status", "d"."StepId", "d"."TenantId"
      FROM "DeadLetterEntries" AS "d"
      WHERE "d"."TenantId" = @ef_filter__TenantId AND "d"."Status" = 'Pending'
      ORDER BY "d"."CreatedAt"
      LIMIT @p
info: Microsoft.EntityFrameworkCore.Database.Command[20101]
      Executed DbCommand (0ms) [Parameters=[@ef_filter__TenantId='?' (DbType = Guid), @p='?' (DbType = Int32)], CommandType='Text', CommandTimeout='30']
      SELECT "d"."Id", "d"."CreatedAt", "d"."ErrorMessage", "d"."FlowExecutionId", "d"."LastRetriedAt", "d"."Payload", "d"."RetryCount", "d"."Status", "d"."StepId", "d"."TenantId"
      FROM "DeadLetterEntries" AS "d"
      WHERE "d"."TenantId" = @ef_filter__TenantId AND "d"."Status" = 'Pending'
      ORDER BY "d"."CreatedAt"
      LIMIT @p
info: Microsoft.EntityFrameworkCore.Database.Command[20101]
      Executed DbCommand (0ms) [Parameters=[@ef_filter__TenantId='?' (DbType = Guid), @p='?' (DbType = Int32)], CommandType='Text', CommandTimeout='30']
      SELECT "d"."Id", "d"."CreatedAt", "d"."ErrorMessage", "d"."FlowExecutionId", "d"."LastRetriedAt", "d"."Payload", "d"."RetryCount", "d"."Status", "d"."StepId", "d"."TenantId"
      FROM "DeadLetterEntries" AS "d"
      WHERE "d"."TenantId" = @ef_filter__TenantId AND "d"."Status" = 'Pending'
      ORDER BY "d"."CreatedAt"
      LIMIT @p
info: Microsoft.EntityFrameworkCore.Database.Command[20101]
      Executed DbCommand (0ms) [Parameters=[@ef_filter__TenantId='?' (DbType = Guid), @p='?' (DbType = Int32)], CommandType='Text', CommandTimeout='30']
      SELECT "d"."Id", "d"."CreatedAt", "d"."ErrorMessage", "d"."FlowExecutionId", "d"."LastRetriedAt", "d"."Payload", "d"."RetryCount", "d"."Status", "d"."StepId", "d"."TenantId"
      FROM "DeadLetterEntries" AS "d"
      WHERE "d"."TenantId" = @ef_filter__TenantId AND "d"."Status" = 'Pending'
      ORDER BY "d"."CreatedAt"
      LIMIT @p
info: Microsoft.EntityFrameworkCore.Database.Command[20101]
      Executed DbCommand (0ms) [Parameters=[@ef_filter__TenantId='?' (DbType = Guid), @p='?' (DbType = Int32)], CommandType='Text', CommandTimeout='30']
      SELECT "d"."Id", "d"."CreatedAt", "d"."ErrorMessage", "d"."FlowExecutionId", "d"."LastRetriedAt", "d"."Payload", "d"."RetryCount", "d"."Status", "d"."StepId", "d"."TenantId"
      FROM "DeadLetterEntries" AS "d"
      WHERE "d"."TenantId" = @ef_filter__TenantId AND "d"."Status" = 'Pending'
      ORDER BY "d"."CreatedAt"
      LIMIT @p
info: Microsoft.EntityFrameworkCore.Database.Command[20101]
      Executed DbCommand (0ms) [Parameters=[@ef_filter__TenantId='?' (DbType = Guid), @p='?' (DbType = Int32)], CommandType='Text', CommandTimeout='30']
      SELECT "d"."Id", "d"."CreatedAt", "d"."ErrorMessage", "d"."FlowExecutionId", "d"."LastRetriedAt", "d"."Payload", "d"."RetryCount", "d"."Status", "d"."StepId", "d"."TenantId"
      FROM "DeadLetterEntries" AS "d"
      WHERE "d"."TenantId" = @ef_filter__TenantId AND "d"."Status" = 'Pending'
      ORDER BY "d"."CreatedAt"
      LIMIT @p
info: Microsoft.EntityFrameworkCore.Database.Command[20101]
      Executed DbCommand (0ms) [Parameters=[@ef_filter__TenantId='?' (DbType = Guid), @p='?' (DbType = Int32)], CommandType='Text', CommandTimeout='30']
      SELECT "d"."Id", "d"."CreatedAt", "d"."ErrorMessage", "d"."FlowExecutionId", "d"."LastRetriedAt", "d"."Payload", "d"."RetryCount", "d"."Status", "d"."StepId", "d"."TenantId"
      FROM "DeadLetterEntries" AS "d"
      WHERE "d"."TenantId" = @ef_filter__TenantId AND "d"."Status" = 'Pending'
      ORDER BY "d"."CreatedAt"
      LIMIT @p
info: Microsoft.EntityFrameworkCore.Database.Command[20101]
      Executed DbCommand (1ms) [Parameters=[@ef_filter__TenantId='?' (DbType = Guid), @p='?' (DbType = Int32)], CommandType='Text', CommandTimeout='30']
      SELECT "d"."Id", "d"."CreatedAt", "d"."ErrorMessage", "d"."FlowExecutionId", "d"."LastRetriedAt", "d"."Payload", "d"."RetryCount", "d"."Status", "d"."StepId", "d"."TenantId"
      FROM "DeadLetterEntries" AS "d"
      WHERE "d"."TenantId" = @ef_filter__TenantId AND "d"."Status" = 'Pending'
      ORDER BY "d"."CreatedAt"
      LIMIT @p
info: Microsoft.EntityFrameworkCore.Database.Command[20101]
      Executed DbCommand (1ms) [Parameters=[@ef_filter__TenantId='?' (DbType = Guid), @p='?' (DbType = Int32)], CommandType='Text', CommandTimeout='30']
      SELECT "d"."Id", "d"."CreatedAt", "d"."ErrorMessage", "d"."FlowExecutionId", "d"."LastRetriedAt", "d"."Payload", "d"."RetryCount", "d"."Status", "d"."StepId", "d"."TenantId"
      FROM "DeadLetterEntries" AS "d"
      WHERE "d"."TenantId" = @ef_filter__TenantId AND "d"."Status" = 'Pending'
      ORDER BY "d"."CreatedAt"
      LIMIT @p
info: Microsoft.EntityFrameworkCore.Database.Command[20101]
      Executed DbCommand (0ms) [Parameters=[@ef_filter__TenantId='?' (DbType = Guid), @p='?' (DbType = Int32)], CommandType='Text', CommandTimeout='30']
      SELECT "d"."Id", "d"."CreatedAt", "d"."ErrorMessage", "d"."FlowExecutionId", "d"."LastRetriedAt", "d"."Payload", "d"."RetryCount", "d"."Status", "d"."StepId", "d"."TenantId"
      FROM "DeadLetterEntries" AS "d"
      WHERE "d"."TenantId" = @ef_filter__TenantId AND "d"."Status" = 'Pending'
      ORDER BY "d"."CreatedAt"
      LIMIT @p
info: Microsoft.EntityFrameworkCore.Database.Command[20101]
      Executed DbCommand (1ms) [Parameters=[@ef_filter__TenantId='?' (DbType = Guid), @p='?' (DbType = Int32)], CommandType='Text', CommandTimeout='30']
      SELECT "d"."Id", "d"."CreatedAt", "d"."ErrorMessage", "d"."FlowExecutionId", "d"."LastRetriedAt", "d"."Payload", "d"."RetryCount", "d"."Status", "d"."StepId", "d"."TenantId"
      FROM "DeadLetterEntries" AS "d"
      WHERE "d"."TenantId" = @ef_filter__TenantId AND "d"."Status" = 'Pending'
      ORDER BY "d"."CreatedAt"
      LIMIT @p
info: Microsoft.EntityFrameworkCore.Database.Command[20101]
      Executed DbCommand (0ms) [Parameters=[@ef_filter__TenantId='?' (DbType = Guid), @p='?' (DbType = Int32)], CommandType='Text', CommandTimeout='30']
      SELECT "d"."Id", "d"."CreatedAt", "d"."ErrorMessage", "d"."FlowExecutionId", "d"."LastRetriedAt", "d"."Payload", "d"."RetryCount", "d"."Status", "d"."StepId", "d"."TenantId"
      FROM "DeadLetterEntries" AS "d"
      WHERE "d"."TenantId" = @ef_filter__TenantId AND "d"."Status" = 'Pending'
      ORDER BY "d"."CreatedAt"
      LIMIT @p
info: Microsoft.EntityFrameworkCore.Database.Command[20101]
      Executed DbCommand (1ms) [Parameters=[@ef_filter__TenantId='?' (DbType = Guid), @p='?' (DbType = Int32)], CommandType='Text', CommandTimeout='30']
      SELECT "d"."Id", "d"."CreatedAt", "d"."ErrorMessage", "d"."FlowExecutionId", "d"."LastRetriedAt", "d"."Payload", "d"."RetryCount", "d"."Status", "d"."StepId", "d"."TenantId"
      FROM "DeadLetterEntries" AS "d"
      WHERE "d"."TenantId" = @ef_filter__TenantId AND "d"."Status" = 'Pending'
      ORDER BY "d"."CreatedAt"
      LIMIT @p
info: Microsoft.EntityFrameworkCore.Database.Command[20101]
      Executed DbCommand (1ms) [Parameters=[@ef_filter__TenantId='?' (DbType = Guid), @p='?' (DbType = Int32)], CommandType='Text', CommandTimeout='30']
      SELECT "d"."Id", "d"."CreatedAt", "d"."ErrorMessage", "d"."FlowExecutionId", "d"."LastRetriedAt", "d"."Payload", "d"."RetryCount", "d"."Status", "d"."StepId", "d"."TenantId"
      FROM "DeadLetterEntries" AS "d"
      WHERE "d"."TenantId" = @ef_filter__TenantId AND "d"."Status" = 'Pending'
      ORDER BY "d"."CreatedAt"
      LIMIT @p
info: Microsoft.EntityFrameworkCore.Database.Command[20101]
      Executed DbCommand (1ms) [Parameters=[@ef_filter__TenantId='?' (DbType = Guid), @p='?' (DbType = Int32)], CommandType='Text', CommandTimeout='30']
      SELECT "d"."Id", "d"."CreatedAt", "d"."ErrorMessage", "d"."FlowExecutionId", "d"."LastRetriedAt", "d"."Payload", "d"."RetryCount", "d"."Status", "d"."StepId", "d"."TenantId"
      FROM "DeadLetterEntries" AS "d"
      WHERE "d"."TenantId" = @ef_filter__TenantId AND "d"."Status" = 'Pending'
      ORDER BY "d"."CreatedAt"
      LIMIT @p
info: Microsoft.EntityFrameworkCore.Database.Command[20101]
      Executed DbCommand (1ms) [Parameters=[@ef_filter__TenantId='?' (DbType = Guid), @p='?' (DbType = Int32)], CommandType='Text', CommandTimeout='30']
      SELECT "d"."Id", "d"."CreatedAt", "d"."ErrorMessage", "d"."FlowExecutionId", "d"."LastRetriedAt", "d"."Payload", "d"."RetryCount", "d"."Status", "d"."StepId", "d"."TenantId"
      FROM "DeadLetterEntries" AS "d"
      WHERE "d"."TenantId" = @ef_filter__TenantId AND "d"."Status" = 'Pending'
      ORDER BY "d"."CreatedAt"
      LIMIT @p
info: Microsoft.EntityFrameworkCore.Database.Command[20101]
      Executed DbCommand (0ms) [Parameters=[@ef_filter__TenantId='?' (DbType = Guid), @p='?' (DbType = Int32)], CommandType='Text', CommandTimeout='30']
      SELECT "d"."Id", "d"."CreatedAt", "d"."ErrorMessage", "d"."FlowExecutionId", "d"."LastRetriedAt", "d"."Payload", "d"."RetryCount", "d"."Status", "d"."StepId", "d"."TenantId"
      FROM "DeadLetterEntries" AS "d"
      WHERE "d"."TenantId" = @ef_filter__TenantId AND "d"."Status" = 'Pending'
      ORDER BY "d"."CreatedAt"
      LIMIT @p
info: Microsoft.EntityFrameworkCore.Database.Command[20101]
      Executed DbCommand (1ms) [Parameters=[@ef_filter__TenantId='?' (DbType = Guid), @p='?' (DbType = Int32)], CommandType='Text', CommandTimeout='30']
      SELECT "d"."Id", "d"."CreatedAt", "d"."ErrorMessage", "d"."FlowExecutionId", "d"."LastRetriedAt", "d"."Payload", "d"."RetryCount", "d"."Status", "d"."StepId", "d"."TenantId"
      FROM "DeadLetterEntries" AS "d"
      WHERE "d"."TenantId" = @ef_filter__TenantId AND "d"."Status" = 'Pending'
      ORDER BY "d"."CreatedAt"
      LIMIT @p
info: Microsoft.EntityFrameworkCore.Database.Command[20101]
      Executed DbCommand (0ms) [Parameters=[@ef_filter__TenantId='?' (DbType = Guid), @p='?' (DbType = Int32)], CommandType='Text', CommandTimeout='30']
      SELECT "d"."Id", "d"."CreatedAt", "d"."ErrorMessage", "d"."FlowExecutionId", "d"."LastRetriedAt", "d"."Payload", "d"."RetryCount", "d"."Status", "d"."StepId", "d"."TenantId"
      FROM "DeadLetterEntries" AS "d"
      WHERE "d"."TenantId" = @ef_filter__TenantId AND "d"."Status" = 'Pending'
      ORDER BY "d"."CreatedAt"
      LIMIT @p
info: Microsoft.EntityFrameworkCore.Database.Command[20101]
      Executed DbCommand (0ms) [Parameters=[@ef_filter__TenantId='?' (DbType = Guid), @p='?' (DbType = Int32)], CommandType='Text', CommandTimeout='30']
      SELECT "d"."Id", "d"."CreatedAt", "d"."ErrorMessage", "d"."FlowExecutionId", "d"."LastRetriedAt", "d"."Payload", "d"."RetryCount", "d"."Status", "d"."StepId", "d"."TenantId"
      FROM "DeadLetterEntries" AS "d"
      WHERE "d"."TenantId" = @ef_filter__TenantId AND "d"."Status" = 'Pending'
      ORDER BY "d"."CreatedAt"
      LIMIT @p
info: Microsoft.EntityFrameworkCore.Database.Command[20101]
      Executed DbCommand (0ms) [Parameters=[@ef_filter__TenantId='?' (DbType = Guid), @p='?' (DbType = Int32)], CommandType='Text', CommandTimeout='30']
      SELECT "d"."Id", "d"."CreatedAt", "d"."ErrorMessage", "d"."FlowExecutionId", "d"."LastRetriedAt", "d"."Payload", "d"."RetryCount", "d"."Status", "d"."StepId", "d"."TenantId"
      FROM "DeadLetterEntries" AS "d"
      WHERE "d"."TenantId" = @ef_filter__TenantId AND "d"."Status" = 'Pending'
      ORDER BY "d"."CreatedAt"
      LIMIT @p
info: Microsoft.EntityFrameworkCore.Database.Command[20101]
      Executed DbCommand (1ms) [Parameters=[@ef_filter__TenantId='?' (DbType = Guid), @p='?' (DbType = Int32)], CommandType='Text', CommandTimeout='30']
      SELECT "d"."Id", "d"."CreatedAt", "d"."ErrorMessage", "d"."FlowExecutionId", "d"."LastRetriedAt", "d"."Payload", "d"."RetryCount", "d"."Status", "d"."StepId", "d"."TenantId"
      FROM "DeadLetterEntries" AS "d"
      WHERE "d"."TenantId" = @ef_filter__TenantId AND "d"."Status" = 'Pending'
      ORDER BY "d"."CreatedAt"
      LIMIT @p
info: Microsoft.EntityFrameworkCore.Database.Command[20101]
      Executed DbCommand (0ms) [Parameters=[@ef_filter__TenantId='?' (DbType = Guid), @p='?' (DbType = Int32)], CommandType='Text', CommandTimeout='30']
      SELECT "d"."Id", "d"."CreatedAt", "d"."ErrorMessage", "d"."FlowExecutionId", "d"."LastRetriedAt", "d"."Payload", "d"."RetryCount", "d"."Status", "d"."StepId", "d"."TenantId"
      FROM "DeadLetterEntries" AS "d"
      WHERE "d"."TenantId" = @ef_filter__TenantId AND "d"."Status" = 'Pending'
      ORDER BY "d"."CreatedAt"
      LIMIT @p
info: Microsoft.EntityFrameworkCore.Database.Command[20101]
      Executed DbCommand (1ms) [Parameters=[@ef_filter__TenantId='?' (DbType = Guid), @p='?' (DbType = Int32)], CommandType='Text', CommandTimeout='30']
      SELECT "d"."Id", "d"."CreatedAt", "d"."ErrorMessage", "d"."FlowExecutionId", "d"."LastRetriedAt", "d"."Payload", "d"."RetryCount", "d"."Status", "d"."StepId", "d"."TenantId"
      FROM "DeadLetterEntries" AS "d"
      WHERE "d"."TenantId" = @ef_filter__TenantId AND "d"."Status" = 'Pending'
      ORDER BY "d"."CreatedAt"
      LIMIT @p
info: Microsoft.EntityFrameworkCore.Database.Command[20101]
      Executed DbCommand (1ms) [Parameters=[@ef_filter__TenantId='?' (DbType = Guid), @p='?' (DbType = Int32)], CommandType='Text', CommandTimeout='30']
      SELECT "d"."Id", "d"."CreatedAt", "d"."ErrorMessage", "d"."FlowExecutionId", "d"."LastRetriedAt", "d"."Payload", "d"."RetryCount", "d"."Status", "d"."StepId", "d"."TenantId"
      FROM "DeadLetterEntries" AS "d"
      WHERE "d"."TenantId" = @ef_filter__TenantId AND "d"."Status" = 'Pending'
      ORDER BY "d"."CreatedAt"
      LIMIT @p
info: Microsoft.EntityFrameworkCore.Database.Command[20101]
      Executed DbCommand (0ms) [Parameters=[@ef_filter__TenantId='?' (DbType = Guid), @p='?' (DbType = Int32)], CommandType='Text', CommandTimeout='30']
      SELECT "d"."Id", "d"."CreatedAt", "d"."ErrorMessage", "d"."FlowExecutionId", "d"."LastRetriedAt", "d"."Payload", "d"."RetryCount", "d"."Status", "d"."StepId", "d"."TenantId"
      FROM "DeadLetterEntries" AS "d"
      WHERE "d"."TenantId" = @ef_filter__TenantId AND "d"."Status" = 'Pending'
      ORDER BY "d"."CreatedAt"
      LIMIT @p
info: Microsoft.EntityFrameworkCore.Database.Command[20101]
      Executed DbCommand (0ms) [Parameters=[@ef_filter__TenantId='?' (DbType = Guid), @p='?' (DbType = Int32)], CommandType='Text', CommandTimeout='30']
      SELECT "d"."Id", "d"."CreatedAt", "d"."ErrorMessage", "d"."FlowExecutionId", "d"."LastRetriedAt", "d"."Payload", "d"."RetryCount", "d"."Status", "d"."StepId", "d"."TenantId"
      FROM "DeadLetterEntries" AS "d"
      WHERE "d"."TenantId" = @ef_filter__TenantId AND "d"."Status" = 'Pending'
      ORDER BY "d"."CreatedAt"
      LIMIT @p
info: Microsoft.EntityFrameworkCore.Database.Command[20101]
      Executed DbCommand (1ms) [Parameters=[@ef_filter__TenantId='?' (DbType = Guid), @p='?' (DbType = Int32)], CommandType='Text', CommandTimeout='30']
      SELECT "d"."Id", "d"."CreatedAt", "d"."ErrorMessage", "d"."FlowExecutionId", "d"."LastRetriedAt", "d"."Payload", "d"."RetryCount", "d"."Status", "d"."StepId", "d"."TenantId"
      FROM "DeadLetterEntries" AS "d"
      WHERE "d"."TenantId" = @ef_filter__TenantId AND "d"."Status" = 'Pending'
      ORDER BY "d"."CreatedAt"
      LIMIT @p
info: Microsoft.EntityFrameworkCore.Database.Command[20101]
      Executed DbCommand (0ms) [Parameters=[@ef_filter__TenantId='?' (DbType = Guid), @p='?' (DbType = Int32)], CommandType='Text', CommandTimeout='30']
      SELECT "d"."Id", "d"."CreatedAt", "d"."ErrorMessage", "d"."FlowExecutionId", "d"."LastRetriedAt", "d"."Payload", "d"."RetryCount", "d"."Status", "d"."StepId", "d"."TenantId"
      FROM "DeadLetterEntries" AS "d"
      WHERE "d"."TenantId" = @ef_filter__TenantId AND "d"."Status" = 'Pending'
      ORDER BY "d"."CreatedAt"
      LIMIT @p
info: Microsoft.EntityFrameworkCore.Database.Command[20101]
      Executed DbCommand (1ms) [Parameters=[@ef_filter__TenantId='?' (DbType = Guid), @p='?' (DbType = Int32)], CommandType='Text', CommandTimeout='30']
      SELECT "d"."Id", "d"."CreatedAt", "d"."ErrorMessage", "d"."FlowExecutionId", "d"."LastRetriedAt", "d"."Payload", "d"."RetryCount", "d"."Status", "d"."StepId", "d"."TenantId"
      FROM "DeadLetterEntries" AS "d"
      WHERE "d"."TenantId" = @ef_filter__TenantId AND "d"."Status" = 'Pending'
      ORDER BY "d"."CreatedAt"
      LIMIT @p
info: Microsoft.EntityFrameworkCore.Database.Command[20101]
      Executed DbCommand (0ms) [Parameters=[@ef_filter__TenantId='?' (DbType = Guid), @p='?' (DbType = Int32)], CommandType='Text', CommandTimeout='30']
      SELECT "d"."Id", "d"."CreatedAt", "d"."ErrorMessage", "d"."FlowExecutionId", "d"."LastRetriedAt", "d"."Payload", "d"."RetryCount", "d"."Status", "d"."StepId", "d"."TenantId"
      FROM "DeadLetterEntries" AS "d"
      WHERE "d"."TenantId" = @ef_filter__TenantId AND "d"."Status" = 'Pending'
      ORDER BY "d"."CreatedAt"
      LIMIT @p
info: Microsoft.EntityFrameworkCore.Database.Command[20101]
      Executed DbCommand (0ms) [Parameters=[@ef_filter__TenantId='?' (DbType = Guid), @p='?' (DbType = Int32)], CommandType='Text', CommandTimeout='30']
      SELECT "d"."Id", "d"."CreatedAt", "d"."ErrorMessage", "d"."FlowExecutionId", "d"."LastRetriedAt", "d"."Payload", "d"."RetryCount", "d"."Status", "d"."StepId", "d"."TenantId"
      FROM "DeadLetterEntries" AS "d"
      WHERE "d"."TenantId" = @ef_filter__TenantId AND "d"."Status" = 'Pending'
      ORDER BY "d"."CreatedAt"
      LIMIT @p
info: Microsoft.EntityFrameworkCore.Database.Command[20101]
      Executed DbCommand (0ms) [Parameters=[@ef_filter__TenantId='?' (DbType = Guid), @p='?' (DbType = Int32)], CommandType='Text', CommandTimeout='30']
      SELECT "d"."Id", "d"."CreatedAt", "d"."ErrorMessage", "d"."FlowExecutionId", "d"."LastRetriedAt", "d"."Payload", "d"."RetryCount", "d"."Status", "d"."StepId", "d"."TenantId"
      FROM "DeadLetterEntries" AS "d"
      WHERE "d"."TenantId" = @ef_filter__TenantId AND "d"."Status" = 'Pending'
      ORDER BY "d"."CreatedAt"
      LIMIT @p
info: Microsoft.EntityFrameworkCore.Database.Command[20101]
      Executed DbCommand (0ms) [Parameters=[@ef_filter__TenantId='?' (DbType = Guid), @p='?' (DbType = Int32)], CommandType='Text', CommandTimeout='30']
      SELECT "d"."Id", "d"."CreatedAt", "d"."ErrorMessage", "d"."FlowExecutionId", "d"."LastRetriedAt", "d"."Payload", "d"."RetryCount", "d"."Status", "d"."StepId", "d"."TenantId"
      FROM "DeadLetterEntries" AS "d"
      WHERE "d"."TenantId" = @ef_filter__TenantId AND "d"."Status" = 'Pending'
      ORDER BY "d"."CreatedAt"
      LIMIT @p
info: Microsoft.EntityFrameworkCore.Database.Command[20101]
      Executed DbCommand (0ms) [Parameters=[@ef_filter__TenantId='?' (DbType = Guid), @p='?' (DbType = Int32)], CommandType='Text', CommandTimeout='30']
      SELECT "d"."Id", "d"."CreatedAt", "d"."ErrorMessage", "d"."FlowExecutionId", "d"."LastRetriedAt", "d"."Payload", "d"."RetryCount", "d"."Status", "d"."StepId", "d"."TenantId"
      FROM "DeadLetterEntries" AS "d"
      WHERE "d"."TenantId" = @ef_filter__TenantId AND "d"."Status" = 'Pending'
      ORDER BY "d"."CreatedAt"
      LIMIT @p
info: Microsoft.EntityFrameworkCore.Database.Command[20101]
      Executed DbCommand (1ms) [Parameters=[@ef_filter__TenantId='?' (DbType = Guid), @p='?' (DbType = Int32)], CommandType='Text', CommandTimeout='30']
      SELECT "d"."Id", "d"."CreatedAt", "d"."ErrorMessage", "d"."FlowExecutionId", "d"."LastRetriedAt", "d"."Payload", "d"."RetryCount", "d"."Status", "d"."StepId", "d"."TenantId"
      FROM "DeadLetterEntries" AS "d"
      WHERE "d"."TenantId" = @ef_filter__TenantId AND "d"."Status" = 'Pending'
      ORDER BY "d"."CreatedAt"
      LIMIT @p
info: Microsoft.EntityFrameworkCore.Database.Command[20101]
      Executed DbCommand (1ms) [Parameters=[@ef_filter__TenantId='?' (DbType = Guid), @p='?' (DbType = Int32)], CommandType='Text', CommandTimeout='30']
      SELECT "d"."Id", "d"."CreatedAt", "d"."ErrorMessage", "d"."FlowExecutionId", "d"."LastRetriedAt", "d"."Payload", "d"."RetryCount", "d"."Status", "d"."StepId", "d"."TenantId"
      FROM "DeadLetterEntries" AS "d"
      WHERE "d"."TenantId" = @ef_filter__TenantId AND "d"."Status" = 'Pending'
      ORDER BY "d"."CreatedAt"
      LIMIT @p
info: Microsoft.EntityFrameworkCore.Database.Command[20101]
      Executed DbCommand (1ms) [Parameters=[@ef_filter__TenantId='?' (DbType = Guid), @p='?' (DbType = Int32)], CommandType='Text', CommandTimeout='30']
      SELECT "d"."Id", "d"."CreatedAt", "d"."ErrorMessage", "d"."FlowExecutionId", "d"."LastRetriedAt", "d"."Payload", "d"."RetryCount", "d"."Status", "d"."StepId", "d"."TenantId"
      FROM "DeadLetterEntries" AS "d"
      WHERE "d"."TenantId" = @ef_filter__TenantId AND "d"."Status" = 'Pending'
      ORDER BY "d"."CreatedAt"
      LIMIT @p
info: Microsoft.EntityFrameworkCore.Database.Command[20101]
      Executed DbCommand (1ms) [Parameters=[@ef_filter__TenantId='?' (DbType = Guid), @p='?' (DbType = Int32)], CommandType='Text', CommandTimeout='30']
      SELECT "d"."Id", "d"."CreatedAt", "d"."ErrorMessage", "d"."FlowExecutionId", "d"."LastRetriedAt", "d"."Payload", "d"."RetryCount", "d"."Status", "d"."StepId", "d"."TenantId"
      FROM "DeadLetterEntries" AS "d"
      WHERE "d"."TenantId" = @ef_filter__TenantId AND "d"."Status" = 'Pending'
      ORDER BY "d"."CreatedAt"
      LIMIT @p
info: Microsoft.EntityFrameworkCore.Database.Command[20101]
      Executed DbCommand (0ms) [Parameters=[@ef_filter__TenantId='?' (DbType = Guid), @p='?' (DbType = Int32)], CommandType='Text', CommandTimeout='30']
      SELECT "d"."Id", "d"."CreatedAt", "d"."ErrorMessage", "d"."FlowExecutionId", "d"."LastRetriedAt", "d"."Payload", "d"."RetryCount", "d"."Status", "d"."StepId", "d"."TenantId"
      FROM "DeadLetterEntries" AS "d"
      WHERE "d"."TenantId" = @ef_filter__TenantId AND "d"."Status" = 'Pending'
      ORDER BY "d"."CreatedAt"
      LIMIT @p
info: Microsoft.EntityFrameworkCore.Database.Command[20101]
      Executed DbCommand (1ms) [Parameters=[@ef_filter__TenantId='?' (DbType = Guid), @p='?' (DbType = Int32)], CommandType='Text', CommandTimeout='30']
      SELECT "d"."Id", "d"."CreatedAt", "d"."ErrorMessage", "d"."FlowExecutionId", "d"."LastRetriedAt", "d"."Payload", "d"."RetryCount", "d"."Status", "d"."StepId", "d"."TenantId"
      FROM "DeadLetterEntries" AS "d"
      WHERE "d"."TenantId" = @ef_filter__TenantId AND "d"."Status" = 'Pending'
      ORDER BY "d"."CreatedAt"
      LIMIT @p
info: Microsoft.EntityFrameworkCore.Database.Command[20101]
      Executed DbCommand (0ms) [Parameters=[@ef_filter__TenantId='?' (DbType = Guid), @p='?' (DbType = Int32)], CommandType='Text', CommandTimeout='30']
      SELECT "d"."Id", "d"."CreatedAt", "d"."ErrorMessage", "d"."FlowExecutionId", "d"."LastRetriedAt", "d"."Payload", "d"."RetryCount", "d"."Status", "d"."StepId", "d"."TenantId"
      FROM "DeadLetterEntries" AS "d"
      WHERE "d"."TenantId" = @ef_filter__TenantId AND "d"."Status" = 'Pending'
      ORDER BY "d"."CreatedAt"
      LIMIT @p
info: Microsoft.EntityFrameworkCore.Database.Command[20101]
      Executed DbCommand (0ms) [Parameters=[@ef_filter__TenantId='?' (DbType = Guid), @p='?' (DbType = Int32)], CommandType='Text', CommandTimeout='30']
      SELECT "d"."Id", "d"."CreatedAt", "d"."ErrorMessage", "d"."FlowExecutionId", "d"."LastRetriedAt", "d"."Payload", "d"."RetryCount", "d"."Status", "d"."StepId", "d"."TenantId"
      FROM "DeadLetterEntries" AS "d"
      WHERE "d"."TenantId" = @ef_filter__TenantId AND "d"."Status" = 'Pending'
      ORDER BY "d"."CreatedAt"
      LIMIT @p
info: Microsoft.EntityFrameworkCore.Database.Command[20101]
      Executed DbCommand (1ms) [Parameters=[@ef_filter__TenantId='?' (DbType = Guid), @p='?' (DbType = Int32)], CommandType='Text', CommandTimeout='30']
      SELECT "d"."Id", "d"."CreatedAt", "d"."ErrorMessage", "d"."FlowExecutionId", "d"."LastRetriedAt", "d"."Payload", "d"."RetryCount", "d"."Status", "d"."StepId", "d"."TenantId"
      FROM "DeadLetterEntries" AS "d"
      WHERE "d"."TenantId" = @ef_filter__TenantId AND "d"."Status" = 'Pending'
      ORDER BY "d"."CreatedAt"
      LIMIT @p
info: Microsoft.EntityFrameworkCore.Database.Command[20101]
      Executed DbCommand (1ms) [Parameters=[@ef_filter__TenantId='?' (DbType = Guid), @p='?' (DbType = Int32)], CommandType='Text', CommandTimeout='30']
      SELECT "d"."Id", "d"."CreatedAt", "d"."ErrorMessage", "d"."FlowExecutionId", "d"."LastRetriedAt", "d"."Payload", "d"."RetryCount", "d"."Status", "d"."StepId", "d"."TenantId"
      FROM "DeadLetterEntries" AS "d"
      WHERE "d"."TenantId" = @ef_filter__TenantId AND "d"."Status" = 'Pending'
      ORDER BY "d"."CreatedAt"
      LIMIT @p
info: Microsoft.EntityFrameworkCore.Database.Command[20101]
      Executed DbCommand (0ms) [Parameters=[@ef_filter__TenantId='?' (DbType = Guid), @p='?' (DbType = Int32)], CommandType='Text', CommandTimeout='30']
      SELECT "d"."Id", "d"."CreatedAt", "d"."ErrorMessage", "d"."FlowExecutionId", "d"."LastRetriedAt", "d"."Payload", "d"."RetryCount", "d"."Status", "d"."StepId", "d"."TenantId"
      FROM "DeadLetterEntries" AS "d"
      WHERE "d"."TenantId" = @ef_filter__TenantId AND "d"."Status" = 'Pending'
      ORDER BY "d"."CreatedAt"
      LIMIT @p
info: Microsoft.EntityFrameworkCore.Database.Command[20101]
      Executed DbCommand (0ms) [Parameters=[@ef_filter__TenantId='?' (DbType = Guid), @p='?' (DbType = Int32)], CommandType='Text', CommandTimeout='30']
      SELECT "d"."Id", "d"."CreatedAt", "d"."ErrorMessage", "d"."FlowExecutionId", "d"."LastRetriedAt", "d"."Payload", "d"."RetryCount", "d"."Status", "d"."StepId", "d"."TenantId"
      FROM "DeadLetterEntries" AS "d"
      WHERE "d"."TenantId" = @ef_filter__TenantId AND "d"."Status" = 'Pending'
      ORDER BY "d"."CreatedAt"
      LIMIT @p
info: Microsoft.EntityFrameworkCore.Database.Command[20101]
      Executed DbCommand (0ms) [Parameters=[@ef_filter__TenantId='?' (DbType = Guid), @p='?' (DbType = Int32)], CommandType='Text', CommandTimeout='30']
      SELECT "d"."Id", "d"."CreatedAt", "d"."ErrorMessage", "d"."FlowExecutionId", "d"."LastRetriedAt", "d"."Payload", "d"."RetryCount", "d"."Status", "d"."StepId", "d"."TenantId"
      FROM "DeadLetterEntries" AS "d"
      WHERE "d"."TenantId" = @ef_filter__TenantId AND "d"."Status" = 'Pending'
      ORDER BY "d"."CreatedAt"
      LIMIT @p
info: Microsoft.EntityFrameworkCore.Database.Command[20101]
      Executed DbCommand (0ms) [Parameters=[@ef_filter__TenantId='?' (DbType = Guid), @p='?' (DbType = Int32)], CommandType='Text', CommandTimeout='30']
      SELECT "d"."Id", "d"."CreatedAt", "d"."ErrorMessage", "d"."FlowExecutionId", "d"."LastRetriedAt", "d"."Payload", "d"."RetryCount", "d"."Status", "d"."StepId", "d"."TenantId"
      FROM "DeadLetterEntries" AS "d"
      WHERE "d"."TenantId" = @ef_filter__TenantId AND "d"."Status" = 'Pending'
      ORDER BY "d"."CreatedAt"
      LIMIT @p
info: Microsoft.EntityFrameworkCore.Database.Command[20101]
      Executed DbCommand (0ms) [Parameters=[@ef_filter__TenantId='?' (DbType = Guid), @p='?' (DbType = Int32)], CommandType='Text', CommandTimeout='30']
      SELECT "d"."Id", "d"."CreatedAt", "d"."ErrorMessage", "d"."FlowExecutionId", "d"."LastRetriedAt", "d"."Payload", "d"."RetryCount", "d"."Status", "d"."StepId", "d"."TenantId"
      FROM "DeadLetterEntries" AS "d"
      WHERE "d"."TenantId" = @ef_filter__TenantId AND "d"."Status" = 'Pending'
      ORDER BY "d"."CreatedAt"
      LIMIT @p
info: Microsoft.EntityFrameworkCore.Database.Command[20101]
      Executed DbCommand (0ms) [Parameters=[@ef_filter__TenantId='?' (DbType = Guid), @p='?' (DbType = Int32)], CommandType='Text', CommandTimeout='30']
      SELECT "d"."Id", "d"."CreatedAt", "d"."ErrorMessage", "d"."FlowExecutionId", "d"."LastRetriedAt", "d"."Payload", "d"."RetryCount", "d"."Status", "d"."StepId", "d"."TenantId"
      FROM "DeadLetterEntries" AS "d"
      WHERE "d"."TenantId" = @ef_filter__TenantId AND "d"."Status" = 'Pending'
      ORDER BY "d"."CreatedAt"
      LIMIT @p
info: Microsoft.EntityFrameworkCore.Database.Command[20101]
      Executed DbCommand (1ms) [Parameters=[@ef_filter__TenantId='?' (DbType = Guid), @p='?' (DbType = Int32)], CommandType='Text', CommandTimeout='30']
      SELECT "d"."Id", "d"."CreatedAt", "d"."ErrorMessage", "d"."FlowExecutionId", "d"."LastRetriedAt", "d"."Payload", "d"."RetryCount", "d"."Status", "d"."StepId", "d"."TenantId"
      FROM "DeadLetterEntries" AS "d"
      WHERE "d"."TenantId" = @ef_filter__TenantId AND "d"."Status" = 'Pending'
      ORDER BY "d"."CreatedAt"
      LIMIT @p
info: Microsoft.EntityFrameworkCore.Database.Command[20101]
      Executed DbCommand (0ms) [Parameters=[@ef_filter__TenantId='?' (DbType = Guid), @p='?' (DbType = Int32)], CommandType='Text', CommandTimeout='30']
      SELECT "d"."Id", "d"."CreatedAt", "d"."ErrorMessage", "d"."FlowExecutionId", "d"."LastRetriedAt", "d"."Payload", "d"."RetryCount", "d"."Status", "d"."StepId", "d"."TenantId"
      FROM "DeadLetterEntries" AS "d"
      WHERE "d"."TenantId" = @ef_filter__TenantId AND "d"."Status" = 'Pending'
      ORDER BY "d"."CreatedAt"
      LIMIT @p
info: Microsoft.EntityFrameworkCore.Database.Command[20101]
      Executed DbCommand (0ms) [Parameters=[@ef_filter__TenantId='?' (DbType = Guid), @p='?' (DbType = Int32)], CommandType='Text', CommandTimeout='30']
      SELECT "d"."Id", "d"."CreatedAt", "d"."ErrorMessage", "d"."FlowExecutionId", "d"."LastRetriedAt", "d"."Payload", "d"."RetryCount", "d"."Status", "d"."StepId", "d"."TenantId"
      FROM "DeadLetterEntries" AS "d"
      WHERE "d"."TenantId" = @ef_filter__TenantId AND "d"."Status" = 'Pending'
      ORDER BY "d"."CreatedAt"
      LIMIT @p
info: Microsoft.EntityFrameworkCore.Database.Command[20101]
      Executed DbCommand (0ms) [Parameters=[@ef_filter__TenantId='?' (DbType = Guid), @p='?' (DbType = Int32)], CommandType='Text', CommandTimeout='30']
      SELECT "d"."Id", "d"."CreatedAt", "d"."ErrorMessage", "d"."FlowExecutionId", "d"."LastRetriedAt", "d"."Payload", "d"."RetryCount", "d"."Status", "d"."StepId", "d"."TenantId"
      FROM "DeadLetterEntries" AS "d"
      WHERE "d"."TenantId" = @ef_filter__TenantId AND "d"."Status" = 'Pending'
      ORDER BY "d"."CreatedAt"
      LIMIT @p
info: Microsoft.EntityFrameworkCore.Database.Command[20101]
      Executed DbCommand (0ms) [Parameters=[@ef_filter__TenantId='?' (DbType = Guid), @p='?' (DbType = Int32)], CommandType='Text', CommandTimeout='30']
      SELECT "d"."Id", "d"."CreatedAt", "d"."ErrorMessage", "d"."FlowExecutionId", "d"."LastRetriedAt", "d"."Payload", "d"."RetryCount", "d"."Status", "d"."StepId", "d"."TenantId"
      FROM "DeadLetterEntries" AS "d"
      WHERE "d"."TenantId" = @ef_filter__TenantId AND "d"."Status" = 'Pending'
      ORDER BY "d"."CreatedAt"
      LIMIT @p
info: Microsoft.EntityFrameworkCore.Database.Command[20101]
      Executed DbCommand (0ms) [Parameters=[@ef_filter__TenantId='?' (DbType = Guid), @p='?' (DbType = Int32)], CommandType='Text', CommandTimeout='30']
      SELECT "d"."Id", "d"."CreatedAt", "d"."ErrorMessage", "d"."FlowExecutionId", "d"."LastRetriedAt", "d"."Payload", "d"."RetryCount", "d"."Status", "d"."StepId", "d"."TenantId"
      FROM "DeadLetterEntries" AS "d"
      WHERE "d"."TenantId" = @ef_filter__TenantId AND "d"."Status" = 'Pending'
      ORDER BY "d"."CreatedAt"
      LIMIT @p
info: Microsoft.EntityFrameworkCore.Database.Command[20101]
      Executed DbCommand (0ms) [Parameters=[@ef_filter__TenantId='?' (DbType = Guid), @p='?' (DbType = Int32)], CommandType='Text', CommandTimeout='30']
      SELECT "d"."Id", "d"."CreatedAt", "d"."ErrorMessage", "d"."FlowExecutionId", "d"."LastRetriedAt", "d"."Payload", "d"."RetryCount", "d"."Status", "d"."StepId", "d"."TenantId"
      FROM "DeadLetterEntries" AS "d"
      WHERE "d"."TenantId" = @ef_filter__TenantId AND "d"."Status" = 'Pending'
      ORDER BY "d"."CreatedAt"
      LIMIT @p
info: Microsoft.EntityFrameworkCore.Database.Command[20101]
      Executed DbCommand (0ms) [Parameters=[@ef_filter__TenantId='?' (DbType = Guid), @p='?' (DbType = Int32)], CommandType='Text', CommandTimeout='30']
      SELECT "d"."Id", "d"."CreatedAt", "d"."ErrorMessage", "d"."FlowExecutionId", "d"."LastRetriedAt", "d"."Payload", "d"."RetryCount", "d"."Status", "d"."StepId", "d"."TenantId"
      FROM "DeadLetterEntries" AS "d"
      WHERE "d"."TenantId" = @ef_filter__TenantId AND "d"."Status" = 'Pending'
      ORDER BY "d"."CreatedAt"
      LIMIT @p
info: Microsoft.EntityFrameworkCore.Database.Command[20101]
      Executed DbCommand (0ms) [Parameters=[@ef_filter__TenantId='?' (DbType = Guid), @p='?' (DbType = Int32)], CommandType='Text', CommandTimeout='30']
      SELECT "d"."Id", "d"."CreatedAt", "d"."ErrorMessage", "d"."FlowExecutionId", "d"."LastRetriedAt", "d"."Payload", "d"."RetryCount", "d"."Status", "d"."StepId", "d"."TenantId"
      FROM "DeadLetterEntries" AS "d"
      WHERE "d"."TenantId" = @ef_filter__TenantId AND "d"."Status" = 'Pending'
      ORDER BY "d"."CreatedAt"
      LIMIT @p
info: Microsoft.EntityFrameworkCore.Database.Command[20101]
      Executed DbCommand (0ms) [Parameters=[@ef_filter__TenantId='?' (DbType = Guid), @p='?' (DbType = Int32)], CommandType='Text', CommandTimeout='30']
      SELECT "d"."Id", "d"."CreatedAt", "d"."ErrorMessage", "d"."FlowExecutionId", "d"."LastRetriedAt", "d"."Payload", "d"."RetryCount", "d"."Status", "d"."StepId", "d"."TenantId"
      FROM "DeadLetterEntries" AS "d"
      WHERE "d"."TenantId" = @ef_filter__TenantId AND "d"."Status" = 'Pending'
      ORDER BY "d"."CreatedAt"
      LIMIT @p
info: Microsoft.EntityFrameworkCore.Database.Command[20101]
      Executed DbCommand (0ms) [Parameters=[@ef_filter__TenantId='?' (DbType = Guid), @p='?' (DbType = Int32)], CommandType='Text', CommandTimeout='30']
      SELECT "d"."Id", "d"."CreatedAt", "d"."ErrorMessage", "d"."FlowExecutionId", "d"."LastRetriedAt", "d"."Payload", "d"."RetryCount", "d"."Status", "d"."StepId", "d"."TenantId"
      FROM "DeadLetterEntries" AS "d"
      WHERE "d"."TenantId" = @ef_filter__TenantId AND "d"."Status" = 'Pending'
      ORDER BY "d"."CreatedAt"
      LIMIT @p
info: Microsoft.EntityFrameworkCore.Database.Command[20101]
      Executed DbCommand (1ms) [Parameters=[@ef_filter__TenantId='?' (DbType = Guid), @p='?' (DbType = Int32)], CommandType='Text', CommandTimeout='30']
      SELECT "d"."Id", "d"."CreatedAt", "d"."ErrorMessage", "d"."FlowExecutionId", "d"."LastRetriedAt", "d"."Payload", "d"."RetryCount", "d"."Status", "d"."StepId", "d"."TenantId"
      FROM "DeadLetterEntries" AS "d"
      WHERE "d"."TenantId" = @ef_filter__TenantId AND "d"."Status" = 'Pending'
      ORDER BY "d"."CreatedAt"
      LIMIT @p
info: Microsoft.EntityFrameworkCore.Database.Command[20101]
      Executed DbCommand (0ms) [Parameters=[@ef_filter__TenantId='?' (DbType = Guid), @p='?' (DbType = Int32)], CommandType='Text', CommandTimeout='30']
      SELECT "d"."Id", "d"."CreatedAt", "d"."ErrorMessage", "d"."FlowExecutionId", "d"."LastRetriedAt", "d"."Payload", "d"."RetryCount", "d"."Status", "d"."StepId", "d"."TenantId"
      FROM "DeadLetterEntries" AS "d"
      WHERE "d"."TenantId" = @ef_filter__TenantId AND "d"."Status" = 'Pending'
      ORDER BY "d"."CreatedAt"
      LIMIT @p
info: Microsoft.EntityFrameworkCore.Database.Command[20101]
      Executed DbCommand (0ms) [Parameters=[@ef_filter__TenantId='?' (DbType = Guid), @p='?' (DbType = Int32)], CommandType='Text', CommandTimeout='30']
      SELECT "d"."Id", "d"."CreatedAt", "d"."ErrorMessage", "d"."FlowExecutionId", "d"."LastRetriedAt", "d"."Payload", "d"."RetryCount", "d"."Status", "d"."StepId", "d"."TenantId"
      FROM "DeadLetterEntries" AS "d"
      WHERE "d"."TenantId" = @ef_filter__TenantId AND "d"."Status" = 'Pending'
      ORDER BY "d"."CreatedAt"
      LIMIT @p
info: Microsoft.EntityFrameworkCore.Database.Command[20101]
      Executed DbCommand (1ms) [Parameters=[@ef_filter__TenantId='?' (DbType = Guid), @p='?' (DbType = Int32)], CommandType='Text', CommandTimeout='30']
      SELECT "d"."Id", "d"."CreatedAt", "d"."ErrorMessage", "d"."FlowExecutionId", "d"."LastRetriedAt", "d"."Payload", "d"."RetryCount", "d"."Status", "d"."StepId", "d"."TenantId"
      FROM "DeadLetterEntries" AS "d"
      WHERE "d"."TenantId" = @ef_filter__TenantId AND "d"."Status" = 'Pending'
      ORDER BY "d"."CreatedAt"
      LIMIT @p
info: Microsoft.EntityFrameworkCore.Database.Command[20101]
      Executed DbCommand (0ms) [Parameters=[@ef_filter__TenantId='?' (DbType = Guid), @p='?' (DbType = Int32)], CommandType='Text', CommandTimeout='30']
      SELECT "d"."Id", "d"."CreatedAt", "d"."ErrorMessage", "d"."FlowExecutionId", "d"."LastRetriedAt", "d"."Payload", "d"."RetryCount", "d"."Status", "d"."StepId", "d"."TenantId"
      FROM "DeadLetterEntries" AS "d"
      WHERE "d"."TenantId" = @ef_filter__TenantId AND "d"."Status" = 'Pending'
      ORDER BY "d"."CreatedAt"
      LIMIT @p
info: Microsoft.EntityFrameworkCore.Database.Command[20101]
      Executed DbCommand (0ms) [Parameters=[@ef_filter__TenantId='?' (DbType = Guid), @p='?' (DbType = Int32)], CommandType='Text', CommandTimeout='30']
      SELECT "d"."Id", "d"."CreatedAt", "d"."ErrorMessage", "d"."FlowExecutionId", "d"."LastRetriedAt", "d"."Payload", "d"."RetryCount", "d"."Status", "d"."StepId", "d"."TenantId"
      FROM "DeadLetterEntries" AS "d"
      WHERE "d"."TenantId" = @ef_filter__TenantId AND "d"."Status" = 'Pending'
      ORDER BY "d"."CreatedAt"
      LIMIT @p
info: Microsoft.EntityFrameworkCore.Database.Command[20101]
      Executed DbCommand (0ms) [Parameters=[@ef_filter__TenantId='?' (DbType = Guid), @p='?' (DbType = Int32)], CommandType='Text', CommandTimeout='30']
      SELECT "d"."Id", "d"."CreatedAt", "d"."ErrorMessage", "d"."FlowExecutionId", "d"."LastRetriedAt", "d"."Payload", "d"."RetryCount", "d"."Status", "d"."StepId", "d"."TenantId"
      FROM "DeadLetterEntries" AS "d"
      WHERE "d"."TenantId" = @ef_filter__TenantId AND "d"."Status" = 'Pending'
      ORDER BY "d"."CreatedAt"
      LIMIT @p
info: Microsoft.EntityFrameworkCore.Database.Command[20101]
      Executed DbCommand (0ms) [Parameters=[@ef_filter__TenantId='?' (DbType = Guid), @p='?' (DbType = Int32)], CommandType='Text', CommandTimeout='30']
      SELECT "d"."Id", "d"."CreatedAt", "d"."ErrorMessage", "d"."FlowExecutionId", "d"."LastRetriedAt", "d"."Payload", "d"."RetryCount", "d"."Status", "d"."StepId", "d"."TenantId"
      FROM "DeadLetterEntries" AS "d"
      WHERE "d"."TenantId" = @ef_filter__TenantId AND "d"."Status" = 'Pending'
      ORDER BY "d"."CreatedAt"
      LIMIT @p
info: Microsoft.EntityFrameworkCore.Database.Command[20101]
      Executed DbCommand (0ms) [Parameters=[@ef_filter__TenantId='?' (DbType = Guid), @p='?' (DbType = Int32)], CommandType='Text', CommandTimeout='30']
      SELECT "d"."Id", "d"."CreatedAt", "d"."ErrorMessage", "d"."FlowExecutionId", "d"."LastRetriedAt", "d"."Payload", "d"."RetryCount", "d"."Status", "d"."StepId", "d"."TenantId"
      FROM "DeadLetterEntries" AS "d"
      WHERE "d"."TenantId" = @ef_filter__TenantId AND "d"."Status" = 'Pending'
      ORDER BY "d"."CreatedAt"
      LIMIT @p
info: Microsoft.EntityFrameworkCore.Database.Command[20101]
      Executed DbCommand (0ms) [Parameters=[@ef_filter__TenantId='?' (DbType = Guid), @p='?' (DbType = Int32)], CommandType='Text', CommandTimeout='30']
      SELECT "d"."Id", "d"."CreatedAt", "d"."ErrorMessage", "d"."FlowExecutionId", "d"."LastRetriedAt", "d"."Payload", "d"."RetryCount", "d"."Status", "d"."StepId", "d"."TenantId"
      FROM "DeadLetterEntries" AS "d"
      WHERE "d"."TenantId" = @ef_filter__TenantId AND "d"."Status" = 'Pending'
      ORDER BY "d"."CreatedAt"
      LIMIT @p
info: Microsoft.EntityFrameworkCore.Database.Command[20101]
      Executed DbCommand (0ms) [Parameters=[@ef_filter__TenantId='?' (DbType = Guid), @p='?' (DbType = Int32)], CommandType='Text', CommandTimeout='30']
      SELECT "d"."Id", "d"."CreatedAt", "d"."ErrorMessage", "d"."FlowExecutionId", "d"."LastRetriedAt", "d"."Payload", "d"."RetryCount", "d"."Status", "d"."StepId", "d"."TenantId"
      FROM "DeadLetterEntries" AS "d"
      WHERE "d"."TenantId" = @ef_filter__TenantId AND "d"."Status" = 'Pending'
      ORDER BY "d"."CreatedAt"
      LIMIT @p
info: Microsoft.EntityFrameworkCore.Database.Command[20101]
      Executed DbCommand (0ms) [Parameters=[@ef_filter__TenantId='?' (DbType = Guid), @p='?' (DbType = Int32)], CommandType='Text', CommandTimeout='30']
      SELECT "d"."Id", "d"."CreatedAt", "d"."ErrorMessage", "d"."FlowExecutionId", "d"."LastRetriedAt", "d"."Payload", "d"."RetryCount", "d"."Status", "d"."StepId", "d"."TenantId"
      FROM "DeadLetterEntries" AS "d"
      WHERE "d"."TenantId" = @ef_filter__TenantId AND "d"."Status" = 'Pending'
      ORDER BY "d"."CreatedAt"
      LIMIT @p
info: Microsoft.EntityFrameworkCore.Database.Command[20101]
      Executed DbCommand (0ms) [Parameters=[@ef_filter__TenantId='?' (DbType = Guid), @p='?' (DbType = Int32)], CommandType='Text', CommandTimeout='30']
      SELECT "d"."Id", "d"."CreatedAt", "d"."ErrorMessage", "d"."FlowExecutionId", "d"."LastRetriedAt", "d"."Payload", "d"."RetryCount", "d"."Status", "d"."StepId", "d"."TenantId"
      FROM "DeadLetterEntries" AS "d"
      WHERE "d"."TenantId" = @ef_filter__TenantId AND "d"."Status" = 'Pending'
      ORDER BY "d"."CreatedAt"
      LIMIT @p
info: Microsoft.EntityFrameworkCore.Database.Command[20101]
      Executed DbCommand (0ms) [Parameters=[@ef_filter__TenantId='?' (DbType = Guid), @p='?' (DbType = Int32)], CommandType='Text', CommandTimeout='30']
      SELECT "d"."Id", "d"."CreatedAt", "d"."ErrorMessage", "d"."FlowExecutionId", "d"."LastRetriedAt", "d"."Payload", "d"."RetryCount", "d"."Status", "d"."StepId", "d"."TenantId"
      FROM "DeadLetterEntries" AS "d"
      WHERE "d"."TenantId" = @ef_filter__TenantId AND "d"."Status" = 'Pending'
      ORDER BY "d"."CreatedAt"
      LIMIT @p
info: Microsoft.EntityFrameworkCore.Database.Command[20101]
      Executed DbCommand (0ms) [Parameters=[@ef_filter__TenantId='?' (DbType = Guid), @p='?' (DbType = Int32)], CommandType='Text', CommandTimeout='30']
      SELECT "d"."Id", "d"."CreatedAt", "d"."ErrorMessage", "d"."FlowExecutionId", "d"."LastRetriedAt", "d"."Payload", "d"."RetryCount", "d"."Status", "d"."StepId", "d"."TenantId"
      FROM "DeadLetterEntries" AS "d"
      WHERE "d"."TenantId" = @ef_filter__TenantId AND "d"."Status" = 'Pending'
      ORDER BY "d"."CreatedAt"
      LIMIT @p
info: Microsoft.EntityFrameworkCore.Database.Command[20101]
      Executed DbCommand (0ms) [Parameters=[@ef_filter__TenantId='?' (DbType = Guid), @p='?' (DbType = Int32)], CommandType='Text', CommandTimeout='30']
      SELECT "d"."Id", "d"."CreatedAt", "d"."ErrorMessage", "d"."FlowExecutionId", "d"."LastRetriedAt", "d"."Payload", "d"."RetryCount", "d"."Status", "d"."StepId", "d"."TenantId"
      FROM "DeadLetterEntries" AS "d"
      WHERE "d"."TenantId" = @ef_filter__TenantId AND "d"."Status" = 'Pending'
      ORDER BY "d"."CreatedAt"
      LIMIT @p
info: Microsoft.EntityFrameworkCore.Database.Command[20101]
      Executed DbCommand (0ms) [Parameters=[@ef_filter__TenantId='?' (DbType = Guid), @p='?' (DbType = Int32)], CommandType='Text', CommandTimeout='30']
      SELECT "d"."Id", "d"."CreatedAt", "d"."ErrorMessage", "d"."FlowExecutionId", "d"."LastRetriedAt", "d"."Payload", "d"."RetryCount", "d"."Status", "d"."StepId", "d"."TenantId"
      FROM "DeadLetterEntries" AS "d"
      WHERE "d"."TenantId" = @ef_filter__TenantId AND "d"."Status" = 'Pending'
      ORDER BY "d"."CreatedAt"
      LIMIT @p
info: Microsoft.EntityFrameworkCore.Database.Command[20101]
      Executed DbCommand (1ms) [Parameters=[@ef_filter__TenantId='?' (DbType = Guid), @p='?' (DbType = Int32)], CommandType='Text', CommandTimeout='30']
      SELECT "d"."Id", "d"."CreatedAt", "d"."ErrorMessage", "d"."FlowExecutionId", "d"."LastRetriedAt", "d"."Payload", "d"."RetryCount", "d"."Status", "d"."StepId", "d"."TenantId"
      FROM "DeadLetterEntries" AS "d"
      WHERE "d"."TenantId" = @ef_filter__TenantId AND "d"."Status" = 'Pending'
      ORDER BY "d"."CreatedAt"
      LIMIT @p
info: Microsoft.EntityFrameworkCore.Database.Command[20101]
      Executed DbCommand (1ms) [Parameters=[@ef_filter__TenantId='?' (DbType = Guid), @p='?' (DbType = Int32)], CommandType='Text', CommandTimeout='30']
      SELECT "d"."Id", "d"."CreatedAt", "d"."ErrorMessage", "d"."FlowExecutionId", "d"."LastRetriedAt", "d"."Payload", "d"."RetryCount", "d"."Status", "d"."StepId", "d"."TenantId"
      FROM "DeadLetterEntries" AS "d"
      WHERE "d"."TenantId" = @ef_filter__TenantId AND "d"."Status" = 'Pending'
      ORDER BY "d"."CreatedAt"
      LIMIT @p
info: Microsoft.EntityFrameworkCore.Database.Command[20101]
      Executed DbCommand (0ms) [Parameters=[@ef_filter__TenantId='?' (DbType = Guid), @p='?' (DbType = Int32)], CommandType='Text', CommandTimeout='30']
      SELECT "d"."Id", "d"."CreatedAt", "d"."ErrorMessage", "d"."FlowExecutionId", "d"."LastRetriedAt", "d"."Payload", "d"."RetryCount", "d"."Status", "d"."StepId", "d"."TenantId"
      FROM "DeadLetterEntries" AS "d"
      WHERE "d"."TenantId" = @ef_filter__TenantId AND "d"."Status" = 'Pending'
      ORDER BY "d"."CreatedAt"
      LIMIT @p
info: Microsoft.EntityFrameworkCore.Database.Command[20101]
      Executed DbCommand (0ms) [Parameters=[@ef_filter__TenantId='?' (DbType = Guid), @p='?' (DbType = Int32)], CommandType='Text', CommandTimeout='30']
      SELECT "d"."Id", "d"."CreatedAt", "d"."ErrorMessage", "d"."FlowExecutionId", "d"."LastRetriedAt", "d"."Payload", "d"."RetryCount", "d"."Status", "d"."StepId", "d"."TenantId"
      FROM "DeadLetterEntries" AS "d"
      WHERE "d"."TenantId" = @ef_filter__TenantId AND "d"."Status" = 'Pending'
      ORDER BY "d"."CreatedAt"
      LIMIT @p
info: Microsoft.EntityFrameworkCore.Database.Command[20101]
      Executed DbCommand (0ms) [Parameters=[@ef_filter__TenantId='?' (DbType = Guid), @p='?' (DbType = Int32)], CommandType='Text', CommandTimeout='30']
      SELECT "d"."Id", "d"."CreatedAt", "d"."ErrorMessage", "d"."FlowExecutionId", "d"."LastRetriedAt", "d"."Payload", "d"."RetryCount", "d"."Status", "d"."StepId", "d"."TenantId"
      FROM "DeadLetterEntries" AS "d"
      WHERE "d"."TenantId" = @ef_filter__TenantId AND "d"."Status" = 'Pending'
      ORDER BY "d"."CreatedAt"
      LIMIT @p
info: Microsoft.EntityFrameworkCore.Database.Command[20101]
      Executed DbCommand (1ms) [Parameters=[@ef_filter__TenantId='?' (DbType = Guid), @p='?' (DbType = Int32)], CommandType='Text', CommandTimeout='30']
      SELECT "d"."Id", "d"."CreatedAt", "d"."ErrorMessage", "d"."FlowExecutionId", "d"."LastRetriedAt", "d"."Payload", "d"."RetryCount", "d"."Status", "d"."StepId", "d"."TenantId"
      FROM "DeadLetterEntries" AS "d"
      WHERE "d"."TenantId" = @ef_filter__TenantId AND "d"."Status" = 'Pending'
      ORDER BY "d"."CreatedAt"
      LIMIT @p
info: Microsoft.EntityFrameworkCore.Database.Command[20101]
      Executed DbCommand (0ms) [Parameters=[@ef_filter__TenantId='?' (DbType = Guid), @p='?' (DbType = Int32)], CommandType='Text', CommandTimeout='30']
      SELECT "d"."Id", "d"."CreatedAt", "d"."ErrorMessage", "d"."FlowExecutionId", "d"."LastRetriedAt", "d"."Payload", "d"."RetryCount", "d"."Status", "d"."StepId", "d"."TenantId"
      FROM "DeadLetterEntries" AS "d"
      WHERE "d"."TenantId" = @ef_filter__TenantId AND "d"."Status" = 'Pending'
      ORDER BY "d"."CreatedAt"
      LIMIT @p
info: Microsoft.EntityFrameworkCore.Database.Command[20101]
      Executed DbCommand (1ms) [Parameters=[@ef_filter__TenantId='?' (DbType = Guid), @p='?' (DbType = Int32)], CommandType='Text', CommandTimeout='30']
      SELECT "d"."Id", "d"."CreatedAt", "d"."ErrorMessage", "d"."FlowExecutionId", "d"."LastRetriedAt", "d"."Payload", "d"."RetryCount", "d"."Status", "d"."StepId", "d"."TenantId"
      FROM "DeadLetterEntries" AS "d"
      WHERE "d"."TenantId" = @ef_filter__TenantId AND "d"."Status" = 'Pending'
      ORDER BY "d"."CreatedAt"
      LIMIT @p
info: Microsoft.EntityFrameworkCore.Database.Command[20101]
      Executed DbCommand (1ms) [Parameters=[@ef_filter__TenantId='?' (DbType = Guid), @p='?' (DbType = Int32)], CommandType='Text', CommandTimeout='30']
      SELECT "d"."Id", "d"."CreatedAt", "d"."ErrorMessage", "d"."FlowExecutionId", "d"."LastRetriedAt", "d"."Payload", "d"."RetryCount", "d"."Status", "d"."StepId", "d"."TenantId"
      FROM "DeadLetterEntries" AS "d"
      WHERE "d"."TenantId" = @ef_filter__TenantId AND "d"."Status" = 'Pending'
      ORDER BY "d"."CreatedAt"
      LIMIT @p
info: Microsoft.EntityFrameworkCore.Database.Command[20101]
      Executed DbCommand (1ms) [Parameters=[@ef_filter__TenantId='?' (DbType = Guid), @p='?' (DbType = Int32)], CommandType='Text', CommandTimeout='30']
      SELECT "d"."Id", "d"."CreatedAt", "d"."ErrorMessage", "d"."FlowExecutionId", "d"."LastRetriedAt", "d"."Payload", "d"."RetryCount", "d"."Status", "d"."StepId", "d"."TenantId"
      FROM "DeadLetterEntries" AS "d"
      WHERE "d"."TenantId" = @ef_filter__TenantId AND "d"."Status" = 'Pending'
      ORDER BY "d"."CreatedAt"
      LIMIT @p
info: Microsoft.EntityFrameworkCore.Database.Command[20101]
      Executed DbCommand (0ms) [Parameters=[@ef_filter__TenantId='?' (DbType = Guid), @p='?' (DbType = Int32)], CommandType='Text', CommandTimeout='30']
      SELECT "d"."Id", "d"."CreatedAt", "d"."ErrorMessage", "d"."FlowExecutionId", "d"."LastRetriedAt", "d"."Payload", "d"."RetryCount", "d"."Status", "d"."StepId", "d"."TenantId"
      FROM "DeadLetterEntries" AS "d"
      WHERE "d"."TenantId" = @ef_filter__TenantId AND "d"."Status" = 'Pending'
      ORDER BY "d"."CreatedAt"
      LIMIT @p
info: Microsoft.EntityFrameworkCore.Database.Command[20101]
      Executed DbCommand (0ms) [Parameters=[@ef_filter__TenantId='?' (DbType = Guid), @p='?' (DbType = Int32)], CommandType='Text', CommandTimeout='30']
      SELECT "d"."Id", "d"."CreatedAt", "d"."ErrorMessage", "d"."FlowExecutionId", "d"."LastRetriedAt", "d"."Payload", "d"."RetryCount", "d"."Status", "d"."StepId", "d"."TenantId"
      FROM "DeadLetterEntries" AS "d"
      WHERE "d"."TenantId" = @ef_filter__TenantId AND "d"."Status" = 'Pending'
      ORDER BY "d"."CreatedAt"
      LIMIT @p
info: Microsoft.EntityFrameworkCore.Database.Command[20101]
      Executed DbCommand (0ms) [Parameters=[@ef_filter__TenantId='?' (DbType = Guid), @p='?' (DbType = Int32)], CommandType='Text', CommandTimeout='30']
      SELECT "d"."Id", "d"."CreatedAt", "d"."ErrorMessage", "d"."FlowExecutionId", "d"."LastRetriedAt", "d"."Payload", "d"."RetryCount", "d"."Status", "d"."StepId", "d"."TenantId"
      FROM "DeadLetterEntries" AS "d"
      WHERE "d"."TenantId" = @ef_filter__TenantId AND "d"."Status" = 'Pending'
      ORDER BY "d"."CreatedAt"
      LIMIT @p
info: Microsoft.EntityFrameworkCore.Database.Command[20101]
      Executed DbCommand (0ms) [Parameters=[@ef_filter__TenantId='?' (DbType = Guid), @p='?' (DbType = Int32)], CommandType='Text', CommandTimeout='30']
      SELECT "d"."Id", "d"."CreatedAt", "d"."ErrorMessage", "d"."FlowExecutionId", "d"."LastRetriedAt", "d"."Payload", "d"."RetryCount", "d"."Status", "d"."StepId", "d"."TenantId"
      FROM "DeadLetterEntries" AS "d"
      WHERE "d"."TenantId" = @ef_filter__TenantId AND "d"."Status" = 'Pending'
      ORDER BY "d"."CreatedAt"
      LIMIT @p
info: Microsoft.EntityFrameworkCore.Database.Command[20101]
      Executed DbCommand (1ms) [Parameters=[@ef_filter__TenantId='?' (DbType = Guid), @p='?' (DbType = Int32)], CommandType='Text', CommandTimeout='30']
      SELECT "d"."Id", "d"."CreatedAt", "d"."ErrorMessage", "d"."FlowExecutionId", "d"."LastRetriedAt", "d"."Payload", "d"."RetryCount", "d"."Status", "d"."StepId", "d"."TenantId"
      FROM "DeadLetterEntries" AS "d"
      WHERE "d"."TenantId" = @ef_filter__TenantId AND "d"."Status" = 'Pending'
      ORDER BY "d"."CreatedAt"
      LIMIT @p
info: Microsoft.EntityFrameworkCore.Database.Command[20101]
      Executed DbCommand (0ms) [Parameters=[@ef_filter__TenantId='?' (DbType = Guid), @p='?' (DbType = Int32)], CommandType='Text', CommandTimeout='30']
      SELECT "d"."Id", "d"."CreatedAt", "d"."ErrorMessage", "d"."FlowExecutionId", "d"."LastRetriedAt", "d"."Payload", "d"."RetryCount", "d"."Status", "d"."StepId", "d"."TenantId"
      FROM "DeadLetterEntries" AS "d"
      WHERE "d"."TenantId" = @ef_filter__TenantId AND "d"."Status" = 'Pending'
      ORDER BY "d"."CreatedAt"
      LIMIT @p
info: Microsoft.EntityFrameworkCore.Database.Command[20101]
      Executed DbCommand (0ms) [Parameters=[@ef_filter__TenantId='?' (DbType = Guid), @p='?' (DbType = Int32)], CommandType='Text', CommandTimeout='30']
      SELECT "d"."Id", "d"."CreatedAt", "d"."ErrorMessage", "d"."FlowExecutionId", "d"."LastRetriedAt", "d"."Payload", "d"."RetryCount", "d"."Status", "d"."StepId", "d"."TenantId"
      FROM "DeadLetterEntries" AS "d"
      WHERE "d"."TenantId" = @ef_filter__TenantId AND "d"."Status" = 'Pending'
      ORDER BY "d"."CreatedAt"
      LIMIT @p
info: Microsoft.EntityFrameworkCore.Database.Command[20101]
      Executed DbCommand (0ms) [Parameters=[@ef_filter__TenantId='?' (DbType = Guid), @p='?' (DbType = Int32)], CommandType='Text', CommandTimeout='30']
      SELECT "d"."Id", "d"."CreatedAt", "d"."ErrorMessage", "d"."FlowExecutionId", "d"."LastRetriedAt", "d"."Payload", "d"."RetryCount", "d"."Status", "d"."StepId", "d"."TenantId"
      FROM "DeadLetterEntries" AS "d"
      WHERE "d"."TenantId" = @ef_filter__TenantId AND "d"."Status" = 'Pending'
      ORDER BY "d"."CreatedAt"
      LIMIT @p
info: Microsoft.EntityFrameworkCore.Database.Command[20101]
      Executed DbCommand (1ms) [Parameters=[@ef_filter__TenantId='?' (DbType = Guid), @p='?' (DbType = Int32)], CommandType='Text', CommandTimeout='30']
      SELECT "d"."Id", "d"."CreatedAt", "d"."ErrorMessage", "d"."FlowExecutionId", "d"."LastRetriedAt", "d"."Payload", "d"."RetryCount", "d"."Status", "d"."StepId", "d"."TenantId"
      FROM "DeadLetterEntries" AS "d"
      WHERE "d"."TenantId" = @ef_filter__TenantId AND "d"."Status" = 'Pending'
      ORDER BY "d"."CreatedAt"
      LIMIT @p
info: Microsoft.EntityFrameworkCore.Database.Command[20101]
      Executed DbCommand (0ms) [Parameters=[@ef_filter__TenantId='?' (DbType = Guid), @p='?' (DbType = Int32)], CommandType='Text', CommandTimeout='30']
      SELECT "d"."Id", "d"."CreatedAt", "d"."ErrorMessage", "d"."FlowExecutionId", "d"."LastRetriedAt", "d"."Payload", "d"."RetryCount", "d"."Status", "d"."StepId", "d"."TenantId"
      FROM "DeadLetterEntries" AS "d"
      WHERE "d"."TenantId" = @ef_filter__TenantId AND "d"."Status" = 'Pending'
      ORDER BY "d"."CreatedAt"
      LIMIT @p
info: Microsoft.EntityFrameworkCore.Database.Command[20101]
      Executed DbCommand (1ms) [Parameters=[@ef_filter__TenantId='?' (DbType = Guid), @p='?' (DbType = Int32)], CommandType='Text', CommandTimeout='30']
      SELECT "d"."Id", "d"."CreatedAt", "d"."ErrorMessage", "d"."FlowExecutionId", "d"."LastRetriedAt", "d"."Payload", "d"."RetryCount", "d"."Status", "d"."StepId", "d"."TenantId"
      FROM "DeadLetterEntries" AS "d"
      WHERE "d"."TenantId" = @ef_filter__TenantId AND "d"."Status" = 'Pending'
      ORDER BY "d"."CreatedAt"
      LIMIT @p
info: Microsoft.EntityFrameworkCore.Database.Command[20101]
      Executed DbCommand (1ms) [Parameters=[@ef_filter__TenantId='?' (DbType = Guid), @p='?' (DbType = Int32)], CommandType='Text', CommandTimeout='30']
      SELECT "d"."Id", "d"."CreatedAt", "d"."ErrorMessage", "d"."FlowExecutionId", "d"."LastRetriedAt", "d"."Payload", "d"."RetryCount", "d"."Status", "d"."StepId", "d"."TenantId"
      FROM "DeadLetterEntries" AS "d"
      WHERE "d"."TenantId" = @ef_filter__TenantId AND "d"."Status" = 'Pending'
      ORDER BY "d"."CreatedAt"
      LIMIT @p
info: Microsoft.EntityFrameworkCore.Database.Command[20101]
      Executed DbCommand (1ms) [Parameters=[@ef_filter__TenantId='?' (DbType = Guid), @p='?' (DbType = Int32)], CommandType='Text', CommandTimeout='30']
      SELECT "d"."Id", "d"."CreatedAt", "d"."ErrorMessage", "d"."FlowExecutionId", "d"."LastRetriedAt", "d"."Payload", "d"."RetryCount", "d"."Status", "d"."StepId", "d"."TenantId"
      FROM "DeadLetterEntries" AS "d"
      WHERE "d"."TenantId" = @ef_filter__TenantId AND "d"."Status" = 'Pending'
      ORDER BY "d"."CreatedAt"
      LIMIT @p
info: Microsoft.EntityFrameworkCore.Database.Command[20101]
      Executed DbCommand (0ms) [Parameters=[@ef_filter__TenantId='?' (DbType = Guid), @p='?' (DbType = Int32)], CommandType='Text', CommandTimeout='30']
      SELECT "d"."Id", "d"."CreatedAt", "d"."ErrorMessage", "d"."FlowExecutionId", "d"."LastRetriedAt", "d"."Payload", "d"."RetryCount", "d"."Status", "d"."StepId", "d"."TenantId"
      FROM "DeadLetterEntries" AS "d"
      WHERE "d"."TenantId" = @ef_filter__TenantId AND "d"."Status" = 'Pending'
      ORDER BY "d"."CreatedAt"
      LIMIT @p
info: Microsoft.EntityFrameworkCore.Database.Command[20101]
      Executed DbCommand (0ms) [Parameters=[@ef_filter__TenantId='?' (DbType = Guid), @p='?' (DbType = Int32)], CommandType='Text', CommandTimeout='30']
      SELECT "d"."Id", "d"."CreatedAt", "d"."ErrorMessage", "d"."FlowExecutionId", "d"."LastRetriedAt", "d"."Payload", "d"."RetryCount", "d"."Status", "d"."StepId", "d"."TenantId"
      FROM "DeadLetterEntries" AS "d"
      WHERE "d"."TenantId" = @ef_filter__TenantId AND "d"."Status" = 'Pending'
      ORDER BY "d"."CreatedAt"
      LIMIT @p
info: Microsoft.EntityFrameworkCore.Database.Command[20101]
      Executed DbCommand (1ms) [Parameters=[@ef_filter__TenantId='?' (DbType = Guid), @p='?' (DbType = Int32)], CommandType='Text', CommandTimeout='30']
      SELECT "d"."Id", "d"."CreatedAt", "d"."ErrorMessage", "d"."FlowExecutionId", "d"."LastRetriedAt", "d"."Payload", "d"."RetryCount", "d"."Status", "d"."StepId", "d"."TenantId"
      FROM "DeadLetterEntries" AS "d"
      WHERE "d"."TenantId" = @ef_filter__TenantId AND "d"."Status" = 'Pending'
      ORDER BY "d"."CreatedAt"
      LIMIT @p
info: Microsoft.EntityFrameworkCore.Database.Command[20101]
      Executed DbCommand (1ms) [Parameters=[@ef_filter__TenantId='?' (DbType = Guid), @p='?' (DbType = Int32)], CommandType='Text', CommandTimeout='30']
      SELECT "d"."Id", "d"."CreatedAt", "d"."ErrorMessage", "d"."FlowExecutionId", "d"."LastRetriedAt", "d"."Payload", "d"."RetryCount", "d"."Status", "d"."StepId", "d"."TenantId"
      FROM "DeadLetterEntries" AS "d"
      WHERE "d"."TenantId" = @ef_filter__TenantId AND "d"."Status" = 'Pending'
      ORDER BY "d"."CreatedAt"
      LIMIT @p
info: Microsoft.EntityFrameworkCore.Database.Command[20101]
      Executed DbCommand (1ms) [Parameters=[@ef_filter__TenantId='?' (DbType = Guid), @p='?' (DbType = Int32)], CommandType='Text', CommandTimeout='30']
      SELECT "d"."Id", "d"."CreatedAt", "d"."ErrorMessage", "d"."FlowExecutionId", "d"."LastRetriedAt", "d"."Payload", "d"."RetryCount", "d"."Status", "d"."StepId", "d"."TenantId"
      FROM "DeadLetterEntries" AS "d"
      WHERE "d"."TenantId" = @ef_filter__TenantId AND "d"."Status" = 'Pending'
      ORDER BY "d"."CreatedAt"
      LIMIT @p
info: Microsoft.EntityFrameworkCore.Database.Command[20101]
      Executed DbCommand (5ms) [Parameters=[@ef_filter__TenantId='?' (DbType = Guid), @p='?' (DbType = Int32)], CommandType='Text', CommandTimeout='30']
      SELECT "d"."Id", "d"."CreatedAt", "d"."ErrorMessage", "d"."FlowExecutionId", "d"."LastRetriedAt", "d"."Payload", "d"."RetryCount", "d"."Status", "d"."StepId", "d"."TenantId"
      FROM "DeadLetterEntries" AS "d"
      WHERE "d"."TenantId" = @ef_filter__TenantId AND "d"."Status" = 'Pending'
      ORDER BY "d"."CreatedAt"
      LIMIT @p
info: Microsoft.EntityFrameworkCore.Database.Command[20101]
      Executed DbCommand (2ms) [Parameters=[@ef_filter__TenantId='?' (DbType = Guid), @p='?' (DbType = Int32)], CommandType='Text', CommandTimeout='30']
      SELECT "d"."Id", "d"."CreatedAt", "d"."ErrorMessage", "d"."FlowExecutionId", "d"."LastRetriedAt", "d"."Payload", "d"."RetryCount", "d"."Status", "d"."StepId", "d"."TenantId"
      FROM "DeadLetterEntries" AS "d"
      WHERE "d"."TenantId" = @ef_filter__TenantId AND "d"."Status" = 'Pending'
      ORDER BY "d"."CreatedAt"
      LIMIT @p
info: Microsoft.EntityFrameworkCore.Database.Command[20101]
      Executed DbCommand (1ms) [Parameters=[@ef_filter__TenantId='?' (DbType = Guid), @p='?' (DbType = Int32)], CommandType='Text', CommandTimeout='30']
      SELECT "d"."Id", "d"."CreatedAt", "d"."ErrorMessage", "d"."FlowExecutionId", "d"."LastRetriedAt", "d"."Payload", "d"."RetryCount", "d"."Status", "d"."StepId", "d"."TenantId"
      FROM "DeadLetterEntries" AS "d"
      WHERE "d"."TenantId" = @ef_filter__TenantId AND "d"."Status" = 'Pending'
      ORDER BY "d"."CreatedAt"
      LIMIT @p
info: Microsoft.EntityFrameworkCore.Database.Command[20101]
      Executed DbCommand (0ms) [Parameters=[@ef_filter__TenantId='?' (DbType = Guid), @p='?' (DbType = Int32)], CommandType='Text', CommandTimeout='30']
      SELECT "d"."Id", "d"."CreatedAt", "d"."ErrorMessage", "d"."FlowExecutionId", "d"."LastRetriedAt", "d"."Payload", "d"."RetryCount", "d"."Status", "d"."StepId", "d"."TenantId"
      FROM "DeadLetterEntries" AS "d"
      WHERE "d"."TenantId" = @ef_filter__TenantId AND "d"."Status" = 'Pending'
      ORDER BY "d"."CreatedAt"
      LIMIT @p
info: Microsoft.EntityFrameworkCore.Database.Command[20101]
      Executed DbCommand (0ms) [Parameters=[@ef_filter__TenantId='?' (DbType = Guid), @p='?' (DbType = Int32)], CommandType='Text', CommandTimeout='30']
      SELECT "d"."Id", "d"."CreatedAt", "d"."ErrorMessage", "d"."FlowExecutionId", "d"."LastRetriedAt", "d"."Payload", "d"."RetryCount", "d"."Status", "d"."StepId", "d"."TenantId"
      FROM "DeadLetterEntries" AS "d"
      WHERE "d"."TenantId" = @ef_filter__TenantId AND "d"."Status" = 'Pending'
      ORDER BY "d"."CreatedAt"
      LIMIT @p
info: Microsoft.EntityFrameworkCore.Database.Command[20101]
      Executed DbCommand (0ms) [Parameters=[@ef_filter__TenantId='?' (DbType = Guid), @p='?' (DbType = Int32)], CommandType='Text', CommandTimeout='30']
      SELECT "d"."Id", "d"."CreatedAt", "d"."ErrorMessage", "d"."FlowExecutionId", "d"."LastRetriedAt", "d"."Payload", "d"."RetryCount", "d"."Status", "d"."StepId", "d"."TenantId"
      FROM "DeadLetterEntries" AS "d"
      WHERE "d"."TenantId" = @ef_filter__TenantId AND "d"."Status" = 'Pending'
      ORDER BY "d"."CreatedAt"
      LIMIT @p
info: Microsoft.EntityFrameworkCore.Database.Command[20101]
      Executed DbCommand (1ms) [Parameters=[@ef_filter__TenantId='?' (DbType = Guid), @p='?' (DbType = Int32)], CommandType='Text', CommandTimeout='30']
      SELECT "d"."Id", "d"."CreatedAt", "d"."ErrorMessage", "d"."FlowExecutionId", "d"."LastRetriedAt", "d"."Payload", "d"."RetryCount", "d"."Status", "d"."StepId", "d"."TenantId"
      FROM "DeadLetterEntries" AS "d"
      WHERE "d"."TenantId" = @ef_filter__TenantId AND "d"."Status" = 'Pending'
      ORDER BY "d"."CreatedAt"
      LIMIT @p
info: Microsoft.EntityFrameworkCore.Database.Command[20101]
      Executed DbCommand (3ms) [Parameters=[@ef_filter__TenantId='?' (DbType = Guid)], CommandType='Text', CommandTimeout='30']
      SELECT "i"."Id", "i"."CreatedAt", "i"."Description", "i"."Name", "i"."TenantId", "i"."UpdatedAt", "s"."Id", "s"."CreatedAt", "s"."CronExpression", "s"."Description", "s"."IntegrationId", "s"."Name", "s"."PersistedStateJson", "s"."Status", "s"."TenantId", "s"."TriggerType", "s"."UpdatedAt", "s"."WebhookSecret", "s"."Id0", "s"."AuthPassword", "s"."AuthToken", "s"."AuthType", "s"."AuthUsername", "s"."ConnectionId", "s"."EndpointUrl", "s"."FlowId", "s"."HttpMethod", "s"."MappingCode", "s"."NodeName", "s"."PositionX", "s"."PositionY", "s"."PostFlightCode", "s"."PreFlightCode", "s"."StepConfig", "s"."StepType", "s"."TenantId0", "s"."UrlCode", "s"."UrlMode", "s"."Id1", "s"."Condition", "s"."FlowId0", "s"."Order", "s"."SourceNodeId", "s"."SourcePortId", "s"."TargetNodeId", "s"."TargetPortId", "s"."TenantId1"
      FROM "Integrations" AS "i"
      LEFT JOIN (
          SELECT "i0"."Id", "i0"."CreatedAt", "i0"."CronExpression", "i0"."Description", "i0"."IntegrationId", "i0"."Name", "i0"."PersistedStateJson", "i0"."Status", "i0"."TenantId", "i0"."TriggerType", "i0"."UpdatedAt", "i0"."WebhookSecret", "i3"."Id" AS "Id0", "i3"."AuthPassword", "i3"."AuthToken", "i3"."AuthType", "i3"."AuthUsername", "i3"."ConnectionId", "i3"."EndpointUrl", "i3"."FlowId", "i3"."HttpMethod", "i3"."MappingCode", "i3"."NodeName", "i3"."PositionX", "i3"."PositionY", "i3"."PostFlightCode", "i3"."PreFlightCode", "i3"."StepConfig", "i3"."StepType", "i3"."TenantId" AS "TenantId0", "i3"."UrlCode", "i3"."UrlMode", "i4"."Id" AS "Id1", "i4"."Condition", "i4"."FlowId" AS "FlowId0", "i4"."Order", "i4"."SourceNodeId", "i4"."SourcePortId", "i4"."TargetNodeId", "i4"."TargetPortId", "i4"."TenantId" AS "TenantId1"
          FROM "IntegrationFlows" AS "i0"
          LEFT JOIN (
              SELECT "i1"."Id", "i1"."AuthPassword", "i1"."AuthToken", "i1"."AuthType", "i1"."AuthUsername", "i1"."ConnectionId", "i1"."EndpointUrl", "i1"."FlowId", "i1"."HttpMethod", "i1"."MappingCode", "i1"."NodeName", "i1"."PositionX", "i1"."PositionY", "i1"."PostFlightCode", "i1"."PreFlightCode", "i1"."StepConfig", "i1"."StepType", "i1"."TenantId", "i1"."UrlCode", "i1"."UrlMode"
              FROM "IntegrationSteps" AS "i1"
              WHERE "i1"."TenantId" = @ef_filter__TenantId
          ) AS "i3" ON "i0"."Id" = "i3"."FlowId"
          LEFT JOIN (
              SELECT "i2"."Id", "i2"."Condition", "i2"."FlowId", "i2"."Order", "i2"."SourceNodeId", "i2"."SourcePortId", "i2"."TargetNodeId", "i2"."TargetPortId", "i2"."TenantId"
              FROM "IntegrationEdges" AS "i2"
              WHERE "i2"."TenantId" = @ef_filter__TenantId
          ) AS "i4" ON "i0"."Id" = "i4"."FlowId"
          WHERE "i0"."TenantId" = @ef_filter__TenantId
      ) AS "s" ON "i"."Id" = "s"."IntegrationId"
      WHERE "i"."TenantId" = @ef_filter__TenantId
      ORDER BY "i"."Name", "i"."Id", "s"."UpdatedAt" DESC, "s"."Id", "s"."Id0"
warn: Microsoft.EntityFrameworkCore.Query[20504]
      Compiling a query which loads related collections for more than one collection navigation, either via 'Include' or through projection, but no 'QuerySplittingBehavior' has been configured. By default, Entity Framework will use 'QuerySplittingBehavior.SingleQuery', which can potentially result in slow query performance. See https://go.microsoft.com/fwlink/?linkid=2134277 for more information. To identify the query that's triggering this warning call 'ConfigureWarnings(w => w.Throw(RelationalEventId.MultipleCollectionIncludeWarning))'.
info: Microsoft.EntityFrameworkCore.Database.Command[20101]
      Executed DbCommand (1ms) [Parameters=[@ef_filter__TenantId='?' (DbType = Guid)], CommandType='Text', CommandTimeout='30']
      SELECT "i"."Id", "i"."CreatedAt", "i"."CronExpression", "i"."Description", "i"."IntegrationId", "i"."Name", "i"."PersistedStateJson", "i"."Status", "i"."TenantId", "i"."TriggerType", "i"."UpdatedAt", "i"."WebhookSecret", "i2"."Id", "i2"."AuthPassword", "i2"."AuthToken", "i2"."AuthType", "i2"."AuthUsername", "i2"."ConnectionId", "i2"."EndpointUrl", "i2"."FlowId", "i2"."HttpMethod", "i2"."MappingCode", "i2"."NodeName", "i2"."PositionX", "i2"."PositionY", "i2"."PostFlightCode", "i2"."PreFlightCode", "i2"."StepConfig", "i2"."StepType", "i2"."TenantId", "i2"."UrlCode", "i2"."UrlMode", "i3"."Id", "i3"."Condition", "i3"."FlowId", "i3"."Order", "i3"."SourceNodeId", "i3"."SourcePortId", "i3"."TargetNodeId", "i3"."TargetPortId", "i3"."TenantId"
      FROM "IntegrationFlows" AS "i"
      LEFT JOIN (
          SELECT "i0"."Id", "i0"."AuthPassword", "i0"."AuthToken", "i0"."AuthType", "i0"."AuthUsername", "i0"."ConnectionId", "i0"."EndpointUrl", "i0"."FlowId", "i0"."HttpMethod", "i0"."MappingCode", "i0"."NodeName", "i0"."PositionX", "i0"."PositionY", "i0"."PostFlightCode", "i0"."PreFlightCode", "i0"."StepConfig", "i0"."StepType", "i0"."TenantId", "i0"."UrlCode", "i0"."UrlMode"
          FROM "IntegrationSteps" AS "i0"
          WHERE "i0"."TenantId" = @ef_filter__TenantId
      ) AS "i2" ON "i"."Id" = "i2"."FlowId"
      LEFT JOIN (
          SELECT "i1"."Id", "i1"."Condition", "i1"."FlowId", "i1"."Order", "i1"."SourceNodeId", "i1"."SourcePortId", "i1"."TargetNodeId", "i1"."TargetPortId", "i1"."TenantId"
          FROM "IntegrationEdges" AS "i1"
          WHERE "i1"."TenantId" = @ef_filter__TenantId
      ) AS "i3" ON "i"."Id" = "i3"."FlowId"
      WHERE "i"."TenantId" = @ef_filter__TenantId
      ORDER BY "i"."UpdatedAt" DESC, "i"."Id", "i2"."Id"
info: Microsoft.EntityFrameworkCore.Database.Command[20101]
      Executed DbCommand (1ms) [Parameters=[@ef_filter__TenantId='?' (DbType = Guid)], CommandType='Text', CommandTimeout='30']
      SELECT "i"."Id", "i"."CreatedAt", "i"."Description", "i"."Name", "i"."TenantId", "i"."UpdatedAt", "s"."Id", "s"."CreatedAt", "s"."CronExpression", "s"."Description", "s"."IntegrationId", "s"."Name", "s"."PersistedStateJson", "s"."Status", "s"."TenantId", "s"."TriggerType", "s"."UpdatedAt", "s"."WebhookSecret", "s"."Id0", "s"."AuthPassword", "s"."AuthToken", "s"."AuthType", "s"."AuthUsername", "s"."ConnectionId", "s"."EndpointUrl", "s"."FlowId", "s"."HttpMethod", "s"."MappingCode", "s"."NodeName", "s"."PositionX", "s"."PositionY", "s"."PostFlightCode", "s"."PreFlightCode", "s"."StepConfig", "s"."StepType", "s"."TenantId0", "s"."UrlCode", "s"."UrlMode", "s"."Id1", "s"."Condition", "s"."FlowId0", "s"."Order", "s"."SourceNodeId", "s"."SourcePortId", "s"."TargetNodeId", "s"."TargetPortId", "s"."TenantId1"
      FROM "Integrations" AS "i"
      LEFT JOIN (
          SELECT "i0"."Id", "i0"."CreatedAt", "i0"."CronExpression", "i0"."Description", "i0"."IntegrationId", "i0"."Name", "i0"."PersistedStateJson", "i0"."Status", "i0"."TenantId", "i0"."TriggerType", "i0"."UpdatedAt", "i0"."WebhookSecret", "i3"."Id" AS "Id0", "i3"."AuthPassword", "i3"."AuthToken", "i3"."AuthType", "i3"."AuthUsername", "i3"."ConnectionId", "i3"."EndpointUrl", "i3"."FlowId", "i3"."HttpMethod", "i3"."MappingCode", "i3"."NodeName", "i3"."PositionX", "i3"."PositionY", "i3"."PostFlightCode", "i3"."PreFlightCode", "i3"."StepConfig", "i3"."StepType", "i3"."TenantId" AS "TenantId0", "i3"."UrlCode", "i3"."UrlMode", "i4"."Id" AS "Id1", "i4"."Condition", "i4"."FlowId" AS "FlowId0", "i4"."Order", "i4"."SourceNodeId", "i4"."SourcePortId", "i4"."TargetNodeId", "i4"."TargetPortId", "i4"."TenantId" AS "TenantId1"
          FROM "IntegrationFlows" AS "i0"
          LEFT JOIN (
              SELECT "i1"."Id", "i1"."AuthPassword", "i1"."AuthToken", "i1"."AuthType", "i1"."AuthUsername", "i1"."ConnectionId", "i1"."EndpointUrl", "i1"."FlowId", "i1"."HttpMethod", "i1"."MappingCode", "i1"."NodeName", "i1"."PositionX", "i1"."PositionY", "i1"."PostFlightCode", "i1"."PreFlightCode", "i1"."StepConfig", "i1"."StepType", "i1"."TenantId", "i1"."UrlCode", "i1"."UrlMode"
              FROM "IntegrationSteps" AS "i1"
              WHERE "i1"."TenantId" = @ef_filter__TenantId
          ) AS "i3" ON "i0"."Id" = "i3"."FlowId"
          LEFT JOIN (
              SELECT "i2"."Id", "i2"."Condition", "i2"."FlowId", "i2"."Order", "i2"."SourceNodeId", "i2"."SourcePortId", "i2"."TargetNodeId", "i2"."TargetPortId", "i2"."TenantId"
              FROM "IntegrationEdges" AS "i2"
              WHERE "i2"."TenantId" = @ef_filter__TenantId
          ) AS "i4" ON "i0"."Id" = "i4"."FlowId"
          WHERE "i0"."TenantId" = @ef_filter__TenantId
      ) AS "s" ON "i"."Id" = "s"."IntegrationId"
      WHERE "i"."TenantId" = @ef_filter__TenantId
      ORDER BY "i"."Name", "i"."Id", "s"."UpdatedAt" DESC, "s"."Id", "s"."Id0"
info: Microsoft.EntityFrameworkCore.Database.Command[20101]
      Executed DbCommand (1ms) [Parameters=[@ef_filter__TenantId='?' (DbType = Guid)], CommandType='Text', CommandTimeout='30']
      SELECT "i"."Id", "i"."CreatedAt", "i"."CronExpression", "i"."Description", "i"."IntegrationId", "i"."Name", "i"."PersistedStateJson", "i"."Status", "i"."TenantId", "i"."TriggerType", "i"."UpdatedAt", "i"."WebhookSecret", "i2"."Id", "i2"."AuthPassword", "i2"."AuthToken", "i2"."AuthType", "i2"."AuthUsername", "i2"."ConnectionId", "i2"."EndpointUrl", "i2"."FlowId", "i2"."HttpMethod", "i2"."MappingCode", "i2"."NodeName", "i2"."PositionX", "i2"."PositionY", "i2"."PostFlightCode", "i2"."PreFlightCode", "i2"."StepConfig", "i2"."StepType", "i2"."TenantId", "i2"."UrlCode", "i2"."UrlMode", "i3"."Id", "i3"."Condition", "i3"."FlowId", "i3"."Order", "i3"."SourceNodeId", "i3"."SourcePortId", "i3"."TargetNodeId", "i3"."TargetPortId", "i3"."TenantId"
      FROM "IntegrationFlows" AS "i"
      LEFT JOIN (
          SELECT "i0"."Id", "i0"."AuthPassword", "i0"."AuthToken", "i0"."AuthType", "i0"."AuthUsername", "i0"."ConnectionId", "i0"."EndpointUrl", "i0"."FlowId", "i0"."HttpMethod", "i0"."MappingCode", "i0"."NodeName", "i0"."PositionX", "i0"."PositionY", "i0"."PostFlightCode", "i0"."PreFlightCode", "i0"."StepConfig", "i0"."StepType", "i0"."TenantId", "i0"."UrlCode", "i0"."UrlMode"
          FROM "IntegrationSteps" AS "i0"
          WHERE "i0"."TenantId" = @ef_filter__TenantId
      ) AS "i2" ON "i"."Id" = "i2"."FlowId"
      LEFT JOIN (
          SELECT "i1"."Id", "i1"."Condition", "i1"."FlowId", "i1"."Order", "i1"."SourceNodeId", "i1"."SourcePortId", "i1"."TargetNodeId", "i1"."TargetPortId", "i1"."TenantId"
          FROM "IntegrationEdges" AS "i1"
          WHERE "i1"."TenantId" = @ef_filter__TenantId
      ) AS "i3" ON "i"."Id" = "i3"."FlowId"
      WHERE "i"."TenantId" = @ef_filter__TenantId
      ORDER BY "i"."UpdatedAt" DESC, "i"."Id", "i2"."Id"
info: Microsoft.EntityFrameworkCore.Database.Command[20101]
      Executed DbCommand (1ms) [Parameters=[@ef_filter__TenantId='?' (DbType = Guid), @p='?' (DbType = Int32)], CommandType='Text', CommandTimeout='30']
      SELECT "d"."Id", "d"."CreatedAt", "d"."ErrorMessage", "d"."FlowExecutionId", "d"."LastRetriedAt", "d"."Payload", "d"."RetryCount", "d"."Status", "d"."StepId", "d"."TenantId"
      FROM "DeadLetterEntries" AS "d"
      WHERE "d"."TenantId" = @ef_filter__TenantId AND "d"."Status" = 'Pending'
      ORDER BY "d"."CreatedAt"
      LIMIT @p
info: Microsoft.EntityFrameworkCore.Database.Command[20101]
      Executed DbCommand (1ms) [Parameters=[@ef_filter__TenantId='?' (DbType = Guid), @p='?' (DbType = Int32)], CommandType='Text', CommandTimeout='30']
      SELECT "d"."Id", "d"."CreatedAt", "d"."ErrorMessage", "d"."FlowExecutionId", "d"."LastRetriedAt", "d"."Payload", "d"."RetryCount", "d"."Status", "d"."StepId", "d"."TenantId"
      FROM "DeadLetterEntries" AS "d"
      WHERE "d"."TenantId" = @ef_filter__TenantId AND "d"."Status" = 'Pending'
      ORDER BY "d"."CreatedAt"
      LIMIT @p
info: Microsoft.EntityFrameworkCore.Database.Command[20101]
      Executed DbCommand (0ms) [Parameters=[@ef_filter__TenantId='?' (DbType = Guid), @p='?' (DbType = Int32)], CommandType='Text', CommandTimeout='30']
      SELECT "d"."Id", "d"."CreatedAt", "d"."ErrorMessage", "d"."FlowExecutionId", "d"."LastRetriedAt", "d"."Payload", "d"."RetryCount", "d"."Status", "d"."StepId", "d"."TenantId"
      FROM "DeadLetterEntries" AS "d"
      WHERE "d"."TenantId" = @ef_filter__TenantId AND "d"."Status" = 'Pending'
      ORDER BY "d"."CreatedAt"
      LIMIT @p
info: Microsoft.EntityFrameworkCore.Database.Command[20101]
      Executed DbCommand (0ms) [Parameters=[@ef_filter__TenantId='?' (DbType = Guid), @p='?' (DbType = Int32)], CommandType='Text', CommandTimeout='30']
      SELECT "d"."Id", "d"."CreatedAt", "d"."ErrorMessage", "d"."FlowExecutionId", "d"."LastRetriedAt", "d"."Payload", "d"."RetryCount", "d"."Status", "d"."StepId", "d"."TenantId"
      FROM "DeadLetterEntries" AS "d"
      WHERE "d"."TenantId" = @ef_filter__TenantId AND "d"."Status" = 'Pending'
      ORDER BY "d"."CreatedAt"
      LIMIT @p
info: Microsoft.EntityFrameworkCore.Database.Command[20101]
      Executed DbCommand (0ms) [Parameters=[@ef_filter__TenantId='?' (DbType = Guid), @p='?' (DbType = Int32)], CommandType='Text', CommandTimeout='30']
      SELECT "d"."Id", "d"."CreatedAt", "d"."ErrorMessage", "d"."FlowExecutionId", "d"."LastRetriedAt", "d"."Payload", "d"."RetryCount", "d"."Status", "d"."StepId", "d"."TenantId"
      FROM "DeadLetterEntries" AS "d"
      WHERE "d"."TenantId" = @ef_filter__TenantId AND "d"."Status" = 'Pending'
      ORDER BY "d"."CreatedAt"
      LIMIT @p
info: Microsoft.EntityFrameworkCore.Database.Command[20101]
      Executed DbCommand (1ms) [Parameters=[@ef_filter__TenantId='?' (DbType = Guid), @p='?' (DbType = Int32)], CommandType='Text', CommandTimeout='30']
      SELECT "d"."Id", "d"."CreatedAt", "d"."ErrorMessage", "d"."FlowExecutionId", "d"."LastRetriedAt", "d"."Payload", "d"."RetryCount", "d"."Status", "d"."StepId", "d"."TenantId"
      FROM "DeadLetterEntries" AS "d"
      WHERE "d"."TenantId" = @ef_filter__TenantId AND "d"."Status" = 'Pending'
      ORDER BY "d"."CreatedAt"
      LIMIT @p
info: Microsoft.EntityFrameworkCore.Database.Command[20101]
      Executed DbCommand (1ms) [Parameters=[@ef_filter__TenantId='?' (DbType = Guid), @p='?' (DbType = Int32)], CommandType='Text', CommandTimeout='30']
      SELECT "d"."Id", "d"."CreatedAt", "d"."ErrorMessage", "d"."FlowExecutionId", "d"."LastRetriedAt", "d"."Payload", "d"."RetryCount", "d"."Status", "d"."StepId", "d"."TenantId"
      FROM "DeadLetterEntries" AS "d"
      WHERE "d"."TenantId" = @ef_filter__TenantId AND "d"."Status" = 'Pending'
      ORDER BY "d"."CreatedAt"
      LIMIT @p
info: Microsoft.EntityFrameworkCore.Database.Command[20101]
      Executed DbCommand (1ms) [Parameters=[@ef_filter__TenantId='?' (DbType = Guid), @p='?' (DbType = Int32)], CommandType='Text', CommandTimeout='30']
      SELECT "d"."Id", "d"."CreatedAt", "d"."ErrorMessage", "d"."FlowExecutionId", "d"."LastRetriedAt", "d"."Payload", "d"."RetryCount", "d"."Status", "d"."StepId", "d"."TenantId"
      FROM "DeadLetterEntries" AS "d"
      WHERE "d"."TenantId" = @ef_filter__TenantId AND "d"."Status" = 'Pending'
      ORDER BY "d"."CreatedAt"
      LIMIT @p
info: Microsoft.EntityFrameworkCore.Database.Command[20101]
      Executed DbCommand (10ms) [Parameters=[@p0='?' (DbType = Guid), @p1='?' (DbType = DateTime), @p2='?' (Size = 8), @p3='?' (Size = 12), @p4='?' (DbType = Guid), @p5='?' (DbType = DateTime)], CommandType='Text', CommandTimeout='30']
      INSERT INTO "Integrations" ("Id", "CreatedAt", "Description", "Name", "TenantId", "UpdatedAt")
      VALUES (@p0, @p1, @p2, @p3, @p4, @p5);
info: Microsoft.EntityFrameworkCore.Database.Command[20101]
      Executed DbCommand (2ms) [Parameters=[@ef_filter__TenantId='?' (DbType = Guid)], CommandType='Text', CommandTimeout='30']
      SELECT "i"."Id", "i"."CreatedAt", "i"."Description", "i"."Name", "i"."TenantId", "i"."UpdatedAt", "s"."Id", "s"."CreatedAt", "s"."CronExpression", "s"."Description", "s"."IntegrationId", "s"."Name", "s"."PersistedStateJson", "s"."Status", "s"."TenantId", "s"."TriggerType", "s"."UpdatedAt", "s"."WebhookSecret", "s"."Id0", "s"."AuthPassword", "s"."AuthToken", "s"."AuthType", "s"."AuthUsername", "s"."ConnectionId", "s"."EndpointUrl", "s"."FlowId", "s"."HttpMethod", "s"."MappingCode", "s"."NodeName", "s"."PositionX", "s"."PositionY", "s"."PostFlightCode", "s"."PreFlightCode", "s"."StepConfig", "s"."StepType", "s"."TenantId0", "s"."UrlCode", "s"."UrlMode", "s"."Id1", "s"."Condition", "s"."FlowId0", "s"."Order", "s"."SourceNodeId", "s"."SourcePortId", "s"."TargetNodeId", "s"."TargetPortId", "s"."TenantId1"
      FROM "Integrations" AS "i"
      LEFT JOIN (
          SELECT "i0"."Id", "i0"."CreatedAt", "i0"."CronExpression", "i0"."Description", "i0"."IntegrationId", "i0"."Name", "i0"."PersistedStateJson", "i0"."Status", "i0"."TenantId", "i0"."TriggerType", "i0"."UpdatedAt", "i0"."WebhookSecret", "i3"."Id" AS "Id0", "i3"."AuthPassword", "i3"."AuthToken", "i3"."AuthType", "i3"."AuthUsername", "i3"."ConnectionId", "i3"."EndpointUrl", "i3"."FlowId", "i3"."HttpMethod", "i3"."MappingCode", "i3"."NodeName", "i3"."PositionX", "i3"."PositionY", "i3"."PostFlightCode", "i3"."PreFlightCode", "i3"."StepConfig", "i3"."StepType", "i3"."TenantId" AS "TenantId0", "i3"."UrlCode", "i3"."UrlMode", "i4"."Id" AS "Id1", "i4"."Condition", "i4"."FlowId" AS "FlowId0", "i4"."Order", "i4"."SourceNodeId", "i4"."SourcePortId", "i4"."TargetNodeId", "i4"."TargetPortId", "i4"."TenantId" AS "TenantId1"
          FROM "IntegrationFlows" AS "i0"
          LEFT JOIN (
              SELECT "i1"."Id", "i1"."AuthPassword", "i1"."AuthToken", "i1"."AuthType", "i1"."AuthUsername", "i1"."ConnectionId", "i1"."EndpointUrl", "i1"."FlowId", "i1"."HttpMethod", "i1"."MappingCode", "i1"."NodeName", "i1"."PositionX", "i1"."PositionY", "i1"."PostFlightCode", "i1"."PreFlightCode", "i1"."StepConfig", "i1"."StepType", "i1"."TenantId", "i1"."UrlCode", "i1"."UrlMode"
              FROM "IntegrationSteps" AS "i1"
              WHERE "i1"."TenantId" = @ef_filter__TenantId
          ) AS "i3" ON "i0"."Id" = "i3"."FlowId"
          LEFT JOIN (
              SELECT "i2"."Id", "i2"."Condition", "i2"."FlowId", "i2"."Order", "i2"."SourceNodeId", "i2"."SourcePortId", "i2"."TargetNodeId", "i2"."TargetPortId", "i2"."TenantId"
              FROM "IntegrationEdges" AS "i2"
              WHERE "i2"."TenantId" = @ef_filter__TenantId
          ) AS "i4" ON "i0"."Id" = "i4"."FlowId"
          WHERE "i0"."TenantId" = @ef_filter__TenantId
      ) AS "s" ON "i"."Id" = "s"."IntegrationId"
      WHERE "i"."TenantId" = @ef_filter__TenantId
      ORDER BY "i"."Name", "i"."Id", "s"."UpdatedAt" DESC, "s"."Id", "s"."Id0"
info: Microsoft.EntityFrameworkCore.Database.Command[20101]
      Executed DbCommand (1ms) [Parameters=[@ef_filter__TenantId='?' (DbType = Guid)], CommandType='Text', CommandTimeout='30']
      SELECT "i"."Id", "i"."CreatedAt", "i"."CronExpression", "i"."Description", "i"."IntegrationId", "i"."Name", "i"."PersistedStateJson", "i"."Status", "i"."TenantId", "i"."TriggerType", "i"."UpdatedAt", "i"."WebhookSecret", "i2"."Id", "i2"."AuthPassword", "i2"."AuthToken", "i2"."AuthType", "i2"."AuthUsername", "i2"."ConnectionId", "i2"."EndpointUrl", "i2"."FlowId", "i2"."HttpMethod", "i2"."MappingCode", "i2"."NodeName", "i2"."PositionX", "i2"."PositionY", "i2"."PostFlightCode", "i2"."PreFlightCode", "i2"."StepConfig", "i2"."StepType", "i2"."TenantId", "i2"."UrlCode", "i2"."UrlMode", "i3"."Id", "i3"."Condition", "i3"."FlowId", "i3"."Order", "i3"."SourceNodeId", "i3"."SourcePortId", "i3"."TargetNodeId", "i3"."TargetPortId", "i3"."TenantId"
      FROM "IntegrationFlows" AS "i"
      LEFT JOIN (
          SELECT "i0"."Id", "i0"."AuthPassword", "i0"."AuthToken", "i0"."AuthType", "i0"."AuthUsername", "i0"."ConnectionId", "i0"."EndpointUrl", "i0"."FlowId", "i0"."HttpMethod", "i0"."MappingCode", "i0"."NodeName", "i0"."PositionX", "i0"."PositionY", "i0"."PostFlightCode", "i0"."PreFlightCode", "i0"."StepConfig", "i0"."StepType", "i0"."TenantId", "i0"."UrlCode", "i0"."UrlMode"
          FROM "IntegrationSteps" AS "i0"
          WHERE "i0"."TenantId" = @ef_filter__TenantId
      ) AS "i2" ON "i"."Id" = "i2"."FlowId"
      LEFT JOIN (
          SELECT "i1"."Id", "i1"."Condition", "i1"."FlowId", "i1"."Order", "i1"."SourceNodeId", "i1"."SourcePortId", "i1"."TargetNodeId", "i1"."TargetPortId", "i1"."TenantId"
          FROM "IntegrationEdges" AS "i1"
          WHERE "i1"."TenantId" = @ef_filter__TenantId
      ) AS "i3" ON "i"."Id" = "i3"."FlowId"
      WHERE "i"."TenantId" = @ef_filter__TenantId
      ORDER BY "i"."UpdatedAt" DESC, "i"."Id", "i2"."Id"
info: Microsoft.EntityFrameworkCore.Database.Command[20101]
      Executed DbCommand (1ms) [Parameters=[@ef_filter__TenantId='?' (DbType = Guid)], CommandType='Text', CommandTimeout='30']
      SELECT "i"."Id", "i"."CreatedAt", "i"."Description", "i"."Name", "i"."TenantId", "i"."UpdatedAt", "s"."Id", "s"."CreatedAt", "s"."CronExpression", "s"."Description", "s"."IntegrationId", "s"."Name", "s"."PersistedStateJson", "s"."Status", "s"."TenantId", "s"."TriggerType", "s"."UpdatedAt", "s"."WebhookSecret", "s"."Id0", "s"."AuthPassword", "s"."AuthToken", "s"."AuthType", "s"."AuthUsername", "s"."ConnectionId", "s"."EndpointUrl", "s"."FlowId", "s"."HttpMethod", "s"."MappingCode", "s"."NodeName", "s"."PositionX", "s"."PositionY", "s"."PostFlightCode", "s"."PreFlightCode", "s"."StepConfig", "s"."StepType", "s"."TenantId0", "s"."UrlCode", "s"."UrlMode", "s"."Id1", "s"."Condition", "s"."FlowId0", "s"."Order", "s"."SourceNodeId", "s"."SourcePortId", "s"."TargetNodeId", "s"."TargetPortId", "s"."TenantId1"
      FROM "Integrations" AS "i"
      LEFT JOIN (
          SELECT "i0"."Id", "i0"."CreatedAt", "i0"."CronExpression", "i0"."Description", "i0"."IntegrationId", "i0"."Name", "i0"."PersistedStateJson", "i0"."Status", "i0"."TenantId", "i0"."TriggerType", "i0"."UpdatedAt", "i0"."WebhookSecret", "i3"."Id" AS "Id0", "i3"."AuthPassword", "i3"."AuthToken", "i3"."AuthType", "i3"."AuthUsername", "i3"."ConnectionId", "i3"."EndpointUrl", "i3"."FlowId", "i3"."HttpMethod", "i3"."MappingCode", "i3"."NodeName", "i3"."PositionX", "i3"."PositionY", "i3"."PostFlightCode", "i3"."PreFlightCode", "i3"."StepConfig", "i3"."StepType", "i3"."TenantId" AS "TenantId0", "i3"."UrlCode", "i3"."UrlMode", "i4"."Id" AS "Id1", "i4"."Condition", "i4"."FlowId" AS "FlowId0", "i4"."Order", "i4"."SourceNodeId", "i4"."SourcePortId", "i4"."TargetNodeId", "i4"."TargetPortId", "i4"."TenantId" AS "TenantId1"
          FROM "IntegrationFlows" AS "i0"
          LEFT JOIN (
              SELECT "i1"."Id", "i1"."AuthPassword", "i1"."AuthToken", "i1"."AuthType", "i1"."AuthUsername", "i1"."ConnectionId", "i1"."EndpointUrl", "i1"."FlowId", "i1"."HttpMethod", "i1"."MappingCode", "i1"."NodeName", "i1"."PositionX", "i1"."PositionY", "i1"."PostFlightCode", "i1"."PreFlightCode", "i1"."StepConfig", "i1"."StepType", "i1"."TenantId", "i1"."UrlCode", "i1"."UrlMode"
              FROM "IntegrationSteps" AS "i1"
              WHERE "i1"."TenantId" = @ef_filter__TenantId
          ) AS "i3" ON "i0"."Id" = "i3"."FlowId"
          LEFT JOIN (
              SELECT "i2"."Id", "i2"."Condition", "i2"."FlowId", "i2"."Order", "i2"."SourceNodeId", "i2"."SourcePortId", "i2"."TargetNodeId", "i2"."TargetPortId", "i2"."TenantId"
              FROM "IntegrationEdges" AS "i2"
              WHERE "i2"."TenantId" = @ef_filter__TenantId
          ) AS "i4" ON "i0"."Id" = "i4"."FlowId"
          WHERE "i0"."TenantId" = @ef_filter__TenantId
      ) AS "s" ON "i"."Id" = "s"."IntegrationId"
      WHERE "i"."TenantId" = @ef_filter__TenantId
      ORDER BY "i"."Name", "i"."Id", "s"."UpdatedAt" DESC, "s"."Id", "s"."Id0"
info: Microsoft.EntityFrameworkCore.Database.Command[20101]
      Executed DbCommand (0ms) [Parameters=[@ef_filter__TenantId='?' (DbType = Guid)], CommandType='Text', CommandTimeout='30']
      SELECT "c"."Id", "c"."AuthConfigJson", "c"."AuthType", "c"."BaseUrl", "c"."CreatedAt", "c"."Name", "c"."Status", "c"."TenantId", "c"."UpdatedAt"
      FROM "Connections" AS "c"
      WHERE "c"."TenantId" = @ef_filter__TenantId
info: Microsoft.EntityFrameworkCore.Database.Command[20101]
      Executed DbCommand (0ms) [Parameters=[@ef_filter__TenantId='?' (DbType = Guid), @p='?' (DbType = Int32)], CommandType='Text', CommandTimeout='30']
      SELECT "d"."Id", "d"."CreatedAt", "d"."ErrorMessage", "d"."FlowExecutionId", "d"."LastRetriedAt", "d"."Payload", "d"."RetryCount", "d"."Status", "d"."StepId", "d"."TenantId"
      FROM "DeadLetterEntries" AS "d"
      WHERE "d"."TenantId" = @ef_filter__TenantId AND "d"."Status" = 'Pending'
      ORDER BY "d"."CreatedAt"
      LIMIT @p
info: Microsoft.EntityFrameworkCore.Database.Command[20101]
      Executed DbCommand (0ms) [Parameters=[@ef_filter__TenantId='?' (DbType = Guid)], CommandType='Text', CommandTimeout='30']
      SELECT "c"."Id", "c"."AuthConfigJson", "c"."AuthType", "c"."BaseUrl", "c"."CreatedAt", "c"."Name", "c"."Status", "c"."TenantId", "c"."UpdatedAt"
      FROM "Connections" AS "c"
      WHERE "c"."TenantId" = @ef_filter__TenantId
info: Microsoft.EntityFrameworkCore.Database.Command[20101]
      Executed DbCommand (1ms) [Parameters=[@ef_filter__TenantId='?' (DbType = Guid)], CommandType='Text', CommandTimeout='30']
      SELECT "i"."Id", "i"."CreatedAt", "i"."Description", "i"."Name", "i"."TenantId", "i"."UpdatedAt", "s"."Id", "s"."CreatedAt", "s"."CronExpression", "s"."Description", "s"."IntegrationId", "s"."Name", "s"."PersistedStateJson", "s"."Status", "s"."TenantId", "s"."TriggerType", "s"."UpdatedAt", "s"."WebhookSecret", "s"."Id0", "s"."AuthPassword", "s"."AuthToken", "s"."AuthType", "s"."AuthUsername", "s"."ConnectionId", "s"."EndpointUrl", "s"."FlowId", "s"."HttpMethod", "s"."MappingCode", "s"."NodeName", "s"."PositionX", "s"."PositionY", "s"."PostFlightCode", "s"."PreFlightCode", "s"."StepConfig", "s"."StepType", "s"."TenantId0", "s"."UrlCode", "s"."UrlMode", "s"."Id1", "s"."Condition", "s"."FlowId0", "s"."Order", "s"."SourceNodeId", "s"."SourcePortId", "s"."TargetNodeId", "s"."TargetPortId", "s"."TenantId1"
      FROM "Integrations" AS "i"
      LEFT JOIN (
          SELECT "i0"."Id", "i0"."CreatedAt", "i0"."CronExpression", "i0"."Description", "i0"."IntegrationId", "i0"."Name", "i0"."PersistedStateJson", "i0"."Status", "i0"."TenantId", "i0"."TriggerType", "i0"."UpdatedAt", "i0"."WebhookSecret", "i3"."Id" AS "Id0", "i3"."AuthPassword", "i3"."AuthToken", "i3"."AuthType", "i3"."AuthUsername", "i3"."ConnectionId", "i3"."EndpointUrl", "i3"."FlowId", "i3"."HttpMethod", "i3"."MappingCode", "i3"."NodeName", "i3"."PositionX", "i3"."PositionY", "i3"."PostFlightCode", "i3"."PreFlightCode", "i3"."StepConfig", "i3"."StepType", "i3"."TenantId" AS "TenantId0", "i3"."UrlCode", "i3"."UrlMode", "i4"."Id" AS "Id1", "i4"."Condition", "i4"."FlowId" AS "FlowId0", "i4"."Order", "i4"."SourceNodeId", "i4"."SourcePortId", "i4"."TargetNodeId", "i4"."TargetPortId", "i4"."TenantId" AS "TenantId1"
          FROM "IntegrationFlows" AS "i0"
          LEFT JOIN (
              SELECT "i1"."Id", "i1"."AuthPassword", "i1"."AuthToken", "i1"."AuthType", "i1"."AuthUsername", "i1"."ConnectionId", "i1"."EndpointUrl", "i1"."FlowId", "i1"."HttpMethod", "i1"."MappingCode", "i1"."NodeName", "i1"."PositionX", "i1"."PositionY", "i1"."PostFlightCode", "i1"."PreFlightCode", "i1"."StepConfig", "i1"."StepType", "i1"."TenantId", "i1"."UrlCode", "i1"."UrlMode"
              FROM "IntegrationSteps" AS "i1"
              WHERE "i1"."TenantId" = @ef_filter__TenantId
          ) AS "i3" ON "i0"."Id" = "i3"."FlowId"
          LEFT JOIN (
              SELECT "i2"."Id", "i2"."Condition", "i2"."FlowId", "i2"."Order", "i2"."SourceNodeId", "i2"."SourcePortId", "i2"."TargetNodeId", "i2"."TargetPortId", "i2"."TenantId"
              FROM "IntegrationEdges" AS "i2"
              WHERE "i2"."TenantId" = @ef_filter__TenantId
          ) AS "i4" ON "i0"."Id" = "i4"."FlowId"
          WHERE "i0"."TenantId" = @ef_filter__TenantId
      ) AS "s" ON "i"."Id" = "s"."IntegrationId"
      WHERE "i"."TenantId" = @ef_filter__TenantId
      ORDER BY "i"."Name", "i"."Id", "s"."UpdatedAt" DESC, "s"."Id", "s"."Id0"
info: Microsoft.EntityFrameworkCore.Database.Command[20101]
      Executed DbCommand (1ms) [Parameters=[@ef_filter__TenantId='?' (DbType = Guid)], CommandType='Text', CommandTimeout='30']
      SELECT "i"."Id", "i"."CreatedAt", "i"."CronExpression", "i"."Description", "i"."IntegrationId", "i"."Name", "i"."PersistedStateJson", "i"."Status", "i"."TenantId", "i"."TriggerType", "i"."UpdatedAt", "i"."WebhookSecret", "i2"."Id", "i2"."AuthPassword", "i2"."AuthToken", "i2"."AuthType", "i2"."AuthUsername", "i2"."ConnectionId", "i2"."EndpointUrl", "i2"."FlowId", "i2"."HttpMethod", "i2"."MappingCode", "i2"."NodeName", "i2"."PositionX", "i2"."PositionY", "i2"."PostFlightCode", "i2"."PreFlightCode", "i2"."StepConfig", "i2"."StepType", "i2"."TenantId", "i2"."UrlCode", "i2"."UrlMode", "i3"."Id", "i3"."Condition", "i3"."FlowId", "i3"."Order", "i3"."SourceNodeId", "i3"."SourcePortId", "i3"."TargetNodeId", "i3"."TargetPortId", "i3"."TenantId"
      FROM "IntegrationFlows" AS "i"
      LEFT JOIN (
          SELECT "i0"."Id", "i0"."AuthPassword", "i0"."AuthToken", "i0"."AuthType", "i0"."AuthUsername", "i0"."ConnectionId", "i0"."EndpointUrl", "i0"."FlowId", "i0"."HttpMethod", "i0"."MappingCode", "i0"."NodeName", "i0"."PositionX", "i0"."PositionY", "i0"."PostFlightCode", "i0"."PreFlightCode", "i0"."StepConfig", "i0"."StepType", "i0"."TenantId", "i0"."UrlCode", "i0"."UrlMode"
          FROM "IntegrationSteps" AS "i0"
          WHERE "i0"."TenantId" = @ef_filter__TenantId
      ) AS "i2" ON "i"."Id" = "i2"."FlowId"
      LEFT JOIN (
          SELECT "i1"."Id", "i1"."Condition", "i1"."FlowId", "i1"."Order", "i1"."SourceNodeId", "i1"."SourcePortId", "i1"."TargetNodeId", "i1"."TargetPortId", "i1"."TenantId"
          FROM "IntegrationEdges" AS "i1"
          WHERE "i1"."TenantId" = @ef_filter__TenantId
      ) AS "i3" ON "i"."Id" = "i3"."FlowId"
      WHERE "i"."TenantId" = @ef_filter__TenantId
      ORDER BY "i"."UpdatedAt" DESC, "i"."Id", "i2"."Id"
info: Microsoft.EntityFrameworkCore.Database.Command[20101]
      Executed DbCommand (5ms) [Parameters=[@ef_filter__TenantId='?' (DbType = Guid)], CommandType='Text', CommandTimeout='30']
      SELECT "i"."Id", "i"."CreatedAt", "i"."Description", "i"."Name", "i"."TenantId", "i"."UpdatedAt", "s"."Id", "s"."CreatedAt", "s"."CronExpression", "s"."Description", "s"."IntegrationId", "s"."Name", "s"."PersistedStateJson", "s"."Status", "s"."TenantId", "s"."TriggerType", "s"."UpdatedAt", "s"."WebhookSecret", "s"."Id0", "s"."AuthPassword", "s"."AuthToken", "s"."AuthType", "s"."AuthUsername", "s"."ConnectionId", "s"."EndpointUrl", "s"."FlowId", "s"."HttpMethod", "s"."MappingCode", "s"."NodeName", "s"."PositionX", "s"."PositionY", "s"."PostFlightCode", "s"."PreFlightCode", "s"."StepConfig", "s"."StepType", "s"."TenantId0", "s"."UrlCode", "s"."UrlMode", "s"."Id1", "s"."Condition", "s"."FlowId0", "s"."Order", "s"."SourceNodeId", "s"."SourcePortId", "s"."TargetNodeId", "s"."TargetPortId", "s"."TenantId1"
      FROM "Integrations" AS "i"
      LEFT JOIN (
          SELECT "i0"."Id", "i0"."CreatedAt", "i0"."CronExpression", "i0"."Description", "i0"."IntegrationId", "i0"."Name", "i0"."PersistedStateJson", "i0"."Status", "i0"."TenantId", "i0"."TriggerType", "i0"."UpdatedAt", "i0"."WebhookSecret", "i3"."Id" AS "Id0", "i3"."AuthPassword", "i3"."AuthToken", "i3"."AuthType", "i3"."AuthUsername", "i3"."ConnectionId", "i3"."EndpointUrl", "i3"."FlowId", "i3"."HttpMethod", "i3"."MappingCode", "i3"."NodeName", "i3"."PositionX", "i3"."PositionY", "i3"."PostFlightCode", "i3"."PreFlightCode", "i3"."StepConfig", "i3"."StepType", "i3"."TenantId" AS "TenantId0", "i3"."UrlCode", "i3"."UrlMode", "i4"."Id" AS "Id1", "i4"."Condition", "i4"."FlowId" AS "FlowId0", "i4"."Order", "i4"."SourceNodeId", "i4"."SourcePortId", "i4"."TargetNodeId", "i4"."TargetPortId", "i4"."TenantId" AS "TenantId1"
          FROM "IntegrationFlows" AS "i0"
          LEFT JOIN (
              SELECT "i1"."Id", "i1"."AuthPassword", "i1"."AuthToken", "i1"."AuthType", "i1"."AuthUsername", "i1"."ConnectionId", "i1"."EndpointUrl", "i1"."FlowId", "i1"."HttpMethod", "i1"."MappingCode", "i1"."NodeName", "i1"."PositionX", "i1"."PositionY", "i1"."PostFlightCode", "i1"."PreFlightCode", "i1"."StepConfig", "i1"."StepType", "i1"."TenantId", "i1"."UrlCode", "i1"."UrlMode"
              FROM "IntegrationSteps" AS "i1"
              WHERE "i1"."TenantId" = @ef_filter__TenantId
          ) AS "i3" ON "i0"."Id" = "i3"."FlowId"
          LEFT JOIN (
              SELECT "i2"."Id", "i2"."Condition", "i2"."FlowId", "i2"."Order", "i2"."SourceNodeId", "i2"."SourcePortId", "i2"."TargetNodeId", "i2"."TargetPortId", "i2"."TenantId"
              FROM "IntegrationEdges" AS "i2"
              WHERE "i2"."TenantId" = @ef_filter__TenantId
          ) AS "i4" ON "i0"."Id" = "i4"."FlowId"
          WHERE "i0"."TenantId" = @ef_filter__TenantId
      ) AS "s" ON "i"."Id" = "s"."IntegrationId"
      WHERE "i"."TenantId" = @ef_filter__TenantId
      ORDER BY "i"."Name", "i"."Id", "s"."UpdatedAt" DESC, "s"."Id", "s"."Id0"
info: Microsoft.EntityFrameworkCore.Database.Command[20101]
      Executed DbCommand (0ms) [Parameters=[@ef_filter__TenantId='?' (DbType = Guid)], CommandType='Text', CommandTimeout='30']
      SELECT "c"."Id", "c"."AuthConfigJson", "c"."AuthType", "c"."BaseUrl", "c"."CreatedAt", "c"."Name", "c"."Status", "c"."TenantId", "c"."UpdatedAt"
      FROM "Connections" AS "c"
      WHERE "c"."TenantId" = @ef_filter__TenantId
info: Microsoft.EntityFrameworkCore.Database.Command[20101]
      Executed DbCommand (0ms) [Parameters=[@ef_filter__TenantId='?' (DbType = Guid), @p='?' (DbType = Int32)], CommandType='Text', CommandTimeout='30']
      SELECT "d"."Id", "d"."CreatedAt", "d"."ErrorMessage", "d"."FlowExecutionId", "d"."LastRetriedAt", "d"."Payload", "d"."RetryCount", "d"."Status", "d"."StepId", "d"."TenantId"
      FROM "DeadLetterEntries" AS "d"
      WHERE "d"."TenantId" = @ef_filter__TenantId AND "d"."Status" = 'Pending'
      ORDER BY "d"."CreatedAt"
      LIMIT @p
info: Microsoft.EntityFrameworkCore.Database.Command[20101]
      Executed DbCommand (1ms) [Parameters=[@ef_filter__TenantId='?' (DbType = Guid), @p='?' (DbType = Int32)], CommandType='Text', CommandTimeout='30']
      SELECT "d"."Id", "d"."CreatedAt", "d"."ErrorMessage", "d"."FlowExecutionId", "d"."LastRetriedAt", "d"."Payload", "d"."RetryCount", "d"."Status", "d"."StepId", "d"."TenantId"
      FROM "DeadLetterEntries" AS "d"
      WHERE "d"."TenantId" = @ef_filter__TenantId AND "d"."Status" = 'Pending'
      ORDER BY "d"."CreatedAt"
      LIMIT @p
info: Microsoft.EntityFrameworkCore.Database.Command[20101]
      Executed DbCommand (0ms) [Parameters=[@ef_filter__TenantId='?' (DbType = Guid), @p='?' (DbType = Int32)], CommandType='Text', CommandTimeout='30']
      SELECT "d"."Id", "d"."CreatedAt", "d"."ErrorMessage", "d"."FlowExecutionId", "d"."LastRetriedAt", "d"."Payload", "d"."RetryCount", "d"."Status", "d"."StepId", "d"."TenantId"
      FROM "DeadLetterEntries" AS "d"
      WHERE "d"."TenantId" = @ef_filter__TenantId AND "d"."Status" = 'Pending'
      ORDER BY "d"."CreatedAt"
      LIMIT @p
info: Microsoft.EntityFrameworkCore.Database.Command[20101]
      Executed DbCommand (2ms) [Parameters=[@ef_filter__TenantId='?' (DbType = Guid), @p='?' (DbType = Int32)], CommandType='Text', CommandTimeout='30']
      SELECT "d"."Id", "d"."CreatedAt", "d"."ErrorMessage", "d"."FlowExecutionId", "d"."LastRetriedAt", "d"."Payload", "d"."RetryCount", "d"."Status", "d"."StepId", "d"."TenantId"
      FROM "DeadLetterEntries" AS "d"
      WHERE "d"."TenantId" = @ef_filter__TenantId AND "d"."Status" = 'Pending'
      ORDER BY "d"."CreatedAt"
      LIMIT @p
info: Microsoft.EntityFrameworkCore.Database.Command[20101]
      Executed DbCommand (0ms) [Parameters=[@ef_filter__TenantId='?' (DbType = Guid), @p='?' (DbType = Int32)], CommandType='Text', CommandTimeout='30']
      SELECT "d"."Id", "d"."CreatedAt", "d"."ErrorMessage", "d"."FlowExecutionId", "d"."LastRetriedAt", "d"."Payload", "d"."RetryCount", "d"."Status", "d"."StepId", "d"."TenantId"
      FROM "DeadLetterEntries" AS "d"
      WHERE "d"."TenantId" = @ef_filter__TenantId AND "d"."Status" = 'Pending'
      ORDER BY "d"."CreatedAt"
      LIMIT @p
info: Microsoft.EntityFrameworkCore.Database.Command[20101]
      Executed DbCommand (1ms) [Parameters=[@ef_filter__TenantId='?' (DbType = Guid), @p='?' (DbType = Int32)], CommandType='Text', CommandTimeout='30']
      SELECT "d"."Id", "d"."CreatedAt", "d"."ErrorMessage", "d"."FlowExecutionId", "d"."LastRetriedAt", "d"."Payload", "d"."RetryCount", "d"."Status", "d"."StepId", "d"."TenantId"
      FROM "DeadLetterEntries" AS "d"
      WHERE "d"."TenantId" = @ef_filter__TenantId AND "d"."Status" = 'Pending'
      ORDER BY "d"."CreatedAt"
      LIMIT @p
info: Microsoft.EntityFrameworkCore.Database.Command[20101]
      Executed DbCommand (1ms) [Parameters=[@ef_filter__TenantId='?' (DbType = Guid), @p='?' (DbType = Int32)], CommandType='Text', CommandTimeout='30']
      SELECT "d"."Id", "d"."CreatedAt", "d"."ErrorMessage", "d"."FlowExecutionId", "d"."LastRetriedAt", "d"."Payload", "d"."RetryCount", "d"."Status", "d"."StepId", "d"."TenantId"
      FROM "DeadLetterEntries" AS "d"
      WHERE "d"."TenantId" = @ef_filter__TenantId AND "d"."Status" = 'Pending'
      ORDER BY "d"."CreatedAt"
      LIMIT @p
info: Microsoft.EntityFrameworkCore.Database.Command[20101]
      Executed DbCommand (0ms) [Parameters=[@ef_filter__TenantId='?' (DbType = Guid), @p='?' (DbType = Int32)], CommandType='Text', CommandTimeout='30']
      SELECT "d"."Id", "d"."CreatedAt", "d"."ErrorMessage", "d"."FlowExecutionId", "d"."LastRetriedAt", "d"."Payload", "d"."RetryCount", "d"."Status", "d"."StepId", "d"."TenantId"
      FROM "DeadLetterEntries" AS "d"
      WHERE "d"."TenantId" = @ef_filter__TenantId AND "d"."Status" = 'Pending'
      ORDER BY "d"."CreatedAt"
      LIMIT @p
info: Microsoft.EntityFrameworkCore.Database.Command[20101]
      Executed DbCommand (1ms) [Parameters=[@ef_filter__TenantId='?' (DbType = Guid), @p='?' (DbType = Int32)], CommandType='Text', CommandTimeout='30']
      SELECT "d"."Id", "d"."CreatedAt", "d"."ErrorMessage", "d"."FlowExecutionId", "d"."LastRetriedAt", "d"."Payload", "d"."RetryCount", "d"."Status", "d"."StepId", "d"."TenantId"
      FROM "DeadLetterEntries" AS "d"
      WHERE "d"."TenantId" = @ef_filter__TenantId AND "d"."Status" = 'Pending'
      ORDER BY "d"."CreatedAt"
      LIMIT @p
info: Microsoft.EntityFrameworkCore.Database.Command[20101]
      Executed DbCommand (0ms) [Parameters=[@ef_filter__TenantId='?' (DbType = Guid), @p='?' (DbType = Int32)], CommandType='Text', CommandTimeout='30']
      SELECT "d"."Id", "d"."CreatedAt", "d"."ErrorMessage", "d"."FlowExecutionId", "d"."LastRetriedAt", "d"."Payload", "d"."RetryCount", "d"."Status", "d"."StepId", "d"."TenantId"
      FROM "DeadLetterEntries" AS "d"
      WHERE "d"."TenantId" = @ef_filter__TenantId AND "d"."Status" = 'Pending'
      ORDER BY "d"."CreatedAt"
      LIMIT @p
info: Microsoft.EntityFrameworkCore.Database.Command[20101]
      Executed DbCommand (1ms) [Parameters=[@ef_filter__TenantId='?' (DbType = Guid), @p='?' (DbType = Int32)], CommandType='Text', CommandTimeout='30']
      SELECT "d"."Id", "d"."CreatedAt", "d"."ErrorMessage", "d"."FlowExecutionId", "d"."LastRetriedAt", "d"."Payload", "d"."RetryCount", "d"."Status", "d"."StepId", "d"."TenantId"
      FROM "DeadLetterEntries" AS "d"
      WHERE "d"."TenantId" = @ef_filter__TenantId AND "d"."Status" = 'Pending'
      ORDER BY "d"."CreatedAt"
      LIMIT @p
info: Microsoft.EntityFrameworkCore.Database.Command[20101]
      Executed DbCommand (0ms) [Parameters=[@ef_filter__TenantId='?' (DbType = Guid), @p='?' (DbType = Int32)], CommandType='Text', CommandTimeout='30']
      SELECT "d"."Id", "d"."CreatedAt", "d"."ErrorMessage", "d"."FlowExecutionId", "d"."LastRetriedAt", "d"."Payload", "d"."RetryCount", "d"."Status", "d"."StepId", "d"."TenantId"
      FROM "DeadLetterEntries" AS "d"
      WHERE "d"."TenantId" = @ef_filter__TenantId AND "d"."Status" = 'Pending'
      ORDER BY "d"."CreatedAt"
      LIMIT @p
info: Microsoft.EntityFrameworkCore.Database.Command[20101]
      Executed DbCommand (1ms) [Parameters=[@ef_filter__TenantId='?' (DbType = Guid), @p='?' (DbType = Int32)], CommandType='Text', CommandTimeout='30']
      SELECT "d"."Id", "d"."CreatedAt", "d"."ErrorMessage", "d"."FlowExecutionId", "d"."LastRetriedAt", "d"."Payload", "d"."RetryCount", "d"."Status", "d"."StepId", "d"."TenantId"
      FROM "DeadLetterEntries" AS "d"
      WHERE "d"."TenantId" = @ef_filter__TenantId AND "d"."Status" = 'Pending'
      ORDER BY "d"."CreatedAt"
      LIMIT @p
info: Microsoft.EntityFrameworkCore.Database.Command[20101]
      Executed DbCommand (2ms) [Parameters=[@ef_filter__TenantId='?' (DbType = Guid), @p='?' (DbType = Int32)], CommandType='Text', CommandTimeout='30']
      SELECT "d"."Id", "d"."CreatedAt", "d"."ErrorMessage", "d"."FlowExecutionId", "d"."LastRetriedAt", "d"."Payload", "d"."RetryCount", "d"."Status", "d"."StepId", "d"."TenantId"
      FROM "DeadLetterEntries" AS "d"
      WHERE "d"."TenantId" = @ef_filter__TenantId AND "d"."Status" = 'Pending'
      ORDER BY "d"."CreatedAt"
      LIMIT @p
info: Microsoft.EntityFrameworkCore.Database.Command[20101]
      Executed DbCommand (0ms) [Parameters=[@ef_filter__TenantId='?' (DbType = Guid), @p='?' (DbType = Int32)], CommandType='Text', CommandTimeout='30']
      SELECT "d"."Id", "d"."CreatedAt", "d"."ErrorMessage", "d"."FlowExecutionId", "d"."LastRetriedAt", "d"."Payload", "d"."RetryCount", "d"."Status", "d"."StepId", "d"."TenantId"
      FROM "DeadLetterEntries" AS "d"
      WHERE "d"."TenantId" = @ef_filter__TenantId AND "d"."Status" = 'Pending'
      ORDER BY "d"."CreatedAt"
      LIMIT @p
info: Microsoft.EntityFrameworkCore.Database.Command[20101]
      Executed DbCommand (1ms) [Parameters=[@ef_filter__TenantId='?' (DbType = Guid), @p='?' (DbType = Int32)], CommandType='Text', CommandTimeout='30']
      SELECT "d"."Id", "d"."CreatedAt", "d"."ErrorMessage", "d"."FlowExecutionId", "d"."LastRetriedAt", "d"."Payload", "d"."RetryCount", "d"."Status", "d"."StepId", "d"."TenantId"
      FROM "DeadLetterEntries" AS "d"
      WHERE "d"."TenantId" = @ef_filter__TenantId AND "d"."Status" = 'Pending'
      ORDER BY "d"."CreatedAt"
      LIMIT @p
info: Microsoft.EntityFrameworkCore.Database.Command[20101]
      Executed DbCommand (0ms) [Parameters=[@ef_filter__TenantId='?' (DbType = Guid), @p='?' (DbType = Int32)], CommandType='Text', CommandTimeout='30']
      SELECT "d"."Id", "d"."CreatedAt", "d"."ErrorMessage", "d"."FlowExecutionId", "d"."LastRetriedAt", "d"."Payload", "d"."RetryCount", "d"."Status", "d"."StepId", "d"."TenantId"
      FROM "DeadLetterEntries" AS "d"
      WHERE "d"."TenantId" = @ef_filter__TenantId AND "d"."Status" = 'Pending'
      ORDER BY "d"."CreatedAt"
      LIMIT @p
info: Microsoft.EntityFrameworkCore.Database.Command[20101]
      Executed DbCommand (0ms) [Parameters=[@ef_filter__TenantId='?' (DbType = Guid), @p='?' (DbType = Int32)], CommandType='Text', CommandTimeout='30']
      SELECT "d"."Id", "d"."CreatedAt", "d"."ErrorMessage", "d"."FlowExecutionId", "d"."LastRetriedAt", "d"."Payload", "d"."RetryCount", "d"."Status", "d"."StepId", "d"."TenantId"
      FROM "DeadLetterEntries" AS "d"
      WHERE "d"."TenantId" = @ef_filter__TenantId AND "d"."Status" = 'Pending'
      ORDER BY "d"."CreatedAt"
      LIMIT @p
info: Microsoft.EntityFrameworkCore.Database.Command[20101]
      Executed DbCommand (1ms) [Parameters=[@ef_filter__TenantId='?' (DbType = Guid), @p='?' (DbType = Int32)], CommandType='Text', CommandTimeout='30']
      SELECT "d"."Id", "d"."CreatedAt", "d"."ErrorMessage", "d"."FlowExecutionId", "d"."LastRetriedAt", "d"."Payload", "d"."RetryCount", "d"."Status", "d"."StepId", "d"."TenantId"
      FROM "DeadLetterEntries" AS "d"
      WHERE "d"."TenantId" = @ef_filter__TenantId AND "d"."Status" = 'Pending'
      ORDER BY "d"."CreatedAt"
      LIMIT @p
info: Microsoft.EntityFrameworkCore.Database.Command[20101]
      Executed DbCommand (0ms) [Parameters=[@ef_filter__TenantId='?' (DbType = Guid), @p='?' (DbType = Int32)], CommandType='Text', CommandTimeout='30']
      SELECT "d"."Id", "d"."CreatedAt", "d"."ErrorMessage", "d"."FlowExecutionId", "d"."LastRetriedAt", "d"."Payload", "d"."RetryCount", "d"."Status", "d"."StepId", "d"."TenantId"
      FROM "DeadLetterEntries" AS "d"
      WHERE "d"."TenantId" = @ef_filter__TenantId AND "d"."Status" = 'Pending'
      ORDER BY "d"."CreatedAt"
      LIMIT @p
info: Microsoft.EntityFrameworkCore.Database.Command[20101]
      Executed DbCommand (1ms) [Parameters=[@ef_filter__TenantId='?' (DbType = Guid), @p='?' (DbType = Int32)], CommandType='Text', CommandTimeout='30']
      SELECT "d"."Id", "d"."CreatedAt", "d"."ErrorMessage", "d"."FlowExecutionId", "d"."LastRetriedAt", "d"."Payload", "d"."RetryCount", "d"."Status", "d"."StepId", "d"."TenantId"
      FROM "DeadLetterEntries" AS "d"
      WHERE "d"."TenantId" = @ef_filter__TenantId AND "d"."Status" = 'Pending'
      ORDER BY "d"."CreatedAt"
      LIMIT @p
info: Microsoft.EntityFrameworkCore.Database.Command[20101]
      Executed DbCommand (0ms) [Parameters=[@ef_filter__TenantId='?' (DbType = Guid), @p='?' (DbType = Int32)], CommandType='Text', CommandTimeout='30']
      SELECT "d"."Id", "d"."CreatedAt", "d"."ErrorMessage", "d"."FlowExecutionId", "d"."LastRetriedAt", "d"."Payload", "d"."RetryCount", "d"."Status", "d"."StepId", "d"."TenantId"
      FROM "DeadLetterEntries" AS "d"
      WHERE "d"."TenantId" = @ef_filter__TenantId AND "d"."Status" = 'Pending'
      ORDER BY "d"."CreatedAt"
      LIMIT @p
info: Microsoft.EntityFrameworkCore.Database.Command[20101]
      Executed DbCommand (0ms) [Parameters=[@ef_filter__TenantId='?' (DbType = Guid), @p='?' (DbType = Int32)], CommandType='Text', CommandTimeout='30']
      SELECT "d"."Id", "d"."CreatedAt", "d"."ErrorMessage", "d"."FlowExecutionId", "d"."LastRetriedAt", "d"."Payload", "d"."RetryCount", "d"."Status", "d"."StepId", "d"."TenantId"
      FROM "DeadLetterEntries" AS "d"
      WHERE "d"."TenantId" = @ef_filter__TenantId AND "d"."Status" = 'Pending'
      ORDER BY "d"."CreatedAt"
      LIMIT @p
info: Microsoft.EntityFrameworkCore.Database.Command[20101]
      Executed DbCommand (0ms) [Parameters=[@ef_filter__TenantId='?' (DbType = Guid), @p='?' (DbType = Int32)], CommandType='Text', CommandTimeout='30']
      SELECT "d"."Id", "d"."CreatedAt", "d"."ErrorMessage", "d"."FlowExecutionId", "d"."LastRetriedAt", "d"."Payload", "d"."RetryCount", "d"."Status", "d"."StepId", "d"."TenantId"
      FROM "DeadLetterEntries" AS "d"
      WHERE "d"."TenantId" = @ef_filter__TenantId AND "d"."Status" = 'Pending'
      ORDER BY "d"."CreatedAt"
      LIMIT @p
info: Microsoft.EntityFrameworkCore.Database.Command[20101]
      Executed DbCommand (0ms) [Parameters=[@ef_filter__TenantId='?' (DbType = Guid), @p='?' (DbType = Int32)], CommandType='Text', CommandTimeout='30']
      SELECT "d"."Id", "d"."CreatedAt", "d"."ErrorMessage", "d"."FlowExecutionId", "d"."LastRetriedAt", "d"."Payload", "d"."RetryCount", "d"."Status", "d"."StepId", "d"."TenantId"
      FROM "DeadLetterEntries" AS "d"
      WHERE "d"."TenantId" = @ef_filter__TenantId AND "d"."Status" = 'Pending'
      ORDER BY "d"."CreatedAt"
      LIMIT @p
info: Microsoft.EntityFrameworkCore.Database.Command[20101]
      Executed DbCommand (1ms) [Parameters=[@ef_filter__TenantId='?' (DbType = Guid), @p='?' (DbType = Int32)], CommandType='Text', CommandTimeout='30']
      SELECT "d"."Id", "d"."CreatedAt", "d"."ErrorMessage", "d"."FlowExecutionId", "d"."LastRetriedAt", "d"."Payload", "d"."RetryCount", "d"."Status", "d"."StepId", "d"."TenantId"
      FROM "DeadLetterEntries" AS "d"
      WHERE "d"."TenantId" = @ef_filter__TenantId AND "d"."Status" = 'Pending'
      ORDER BY "d"."CreatedAt"
      LIMIT @p
info: Microsoft.EntityFrameworkCore.Database.Command[20101]
      Executed DbCommand (7ms) [Parameters=[@ef_filter__TenantId='?' (DbType = Guid), @p='?' (DbType = Int32)], CommandType='Text', CommandTimeout='30']
      SELECT "d"."Id", "d"."CreatedAt", "d"."ErrorMessage", "d"."FlowExecutionId", "d"."LastRetriedAt", "d"."Payload", "d"."RetryCount", "d"."Status", "d"."StepId", "d"."TenantId"
      FROM "DeadLetterEntries" AS "d"
      WHERE "d"."TenantId" = @ef_filter__TenantId AND "d"."Status" = 'Pending'
      ORDER BY "d"."CreatedAt"
      LIMIT @p
info: Microsoft.EntityFrameworkCore.Database.Command[20101]
      Executed DbCommand (2ms) [Parameters=[@ef_filter__TenantId='?' (DbType = Guid)], CommandType='Text', CommandTimeout='30']
      SELECT "i"."Id", "i"."CreatedAt", "i"."Description", "i"."Name", "i"."TenantId", "i"."UpdatedAt", "s"."Id", "s"."CreatedAt", "s"."CronExpression", "s"."Description", "s"."IntegrationId", "s"."Name", "s"."PersistedStateJson", "s"."Status", "s"."TenantId", "s"."TriggerType", "s"."UpdatedAt", "s"."WebhookSecret", "s"."Id0", "s"."AuthPassword", "s"."AuthToken", "s"."AuthType", "s"."AuthUsername", "s"."ConnectionId", "s"."EndpointUrl", "s"."FlowId", "s"."HttpMethod", "s"."MappingCode", "s"."NodeName", "s"."PositionX", "s"."PositionY", "s"."PostFlightCode", "s"."PreFlightCode", "s"."StepConfig", "s"."StepType", "s"."TenantId0", "s"."UrlCode", "s"."UrlMode", "s"."Id1", "s"."Condition", "s"."FlowId0", "s"."Order", "s"."SourceNodeId", "s"."SourcePortId", "s"."TargetNodeId", "s"."TargetPortId", "s"."TenantId1"
      FROM "Integrations" AS "i"
      LEFT JOIN (
          SELECT "i0"."Id", "i0"."CreatedAt", "i0"."CronExpression", "i0"."Description", "i0"."IntegrationId", "i0"."Name", "i0"."PersistedStateJson", "i0"."Status", "i0"."TenantId", "i0"."TriggerType", "i0"."UpdatedAt", "i0"."WebhookSecret", "i3"."Id" AS "Id0", "i3"."AuthPassword", "i3"."AuthToken", "i3"."AuthType", "i3"."AuthUsername", "i3"."ConnectionId", "i3"."EndpointUrl", "i3"."FlowId", "i3"."HttpMethod", "i3"."MappingCode", "i3"."NodeName", "i3"."PositionX", "i3"."PositionY", "i3"."PostFlightCode", "i3"."PreFlightCode", "i3"."StepConfig", "i3"."StepType", "i3"."TenantId" AS "TenantId0", "i3"."UrlCode", "i3"."UrlMode", "i4"."Id" AS "Id1", "i4"."Condition", "i4"."FlowId" AS "FlowId0", "i4"."Order", "i4"."SourceNodeId", "i4"."SourcePortId", "i4"."TargetNodeId", "i4"."TargetPortId", "i4"."TenantId" AS "TenantId1"
          FROM "IntegrationFlows" AS "i0"
          LEFT JOIN (
              SELECT "i1"."Id", "i1"."AuthPassword", "i1"."AuthToken", "i1"."AuthType", "i1"."AuthUsername", "i1"."ConnectionId", "i1"."EndpointUrl", "i1"."FlowId", "i1"."HttpMethod", "i1"."MappingCode", "i1"."NodeName", "i1"."PositionX", "i1"."PositionY", "i1"."PostFlightCode", "i1"."PreFlightCode", "i1"."StepConfig", "i1"."StepType", "i1"."TenantId", "i1"."UrlCode", "i1"."UrlMode"
              FROM "IntegrationSteps" AS "i1"
              WHERE "i1"."TenantId" = @ef_filter__TenantId
          ) AS "i3" ON "i0"."Id" = "i3"."FlowId"
          LEFT JOIN (
              SELECT "i2"."Id", "i2"."Condition", "i2"."FlowId", "i2"."Order", "i2"."SourceNodeId", "i2"."SourcePortId", "i2"."TargetNodeId", "i2"."TargetPortId", "i2"."TenantId"
              FROM "IntegrationEdges" AS "i2"
              WHERE "i2"."TenantId" = @ef_filter__TenantId
          ) AS "i4" ON "i0"."Id" = "i4"."FlowId"
          WHERE "i0"."TenantId" = @ef_filter__TenantId
      ) AS "s" ON "i"."Id" = "s"."IntegrationId"
      WHERE "i"."TenantId" = @ef_filter__TenantId
      ORDER BY "i"."Name", "i"."Id", "s"."UpdatedAt" DESC, "s"."Id", "s"."Id0"
info: Microsoft.EntityFrameworkCore.Database.Command[20101]
      Executed DbCommand (0ms) [Parameters=[@ef_filter__TenantId='?' (DbType = Guid)], CommandType='Text', CommandTimeout='30']
      SELECT "c"."Id", "c"."AuthConfigJson", "c"."AuthType", "c"."BaseUrl", "c"."CreatedAt", "c"."Name", "c"."Status", "c"."TenantId", "c"."UpdatedAt"
      FROM "Connections" AS "c"
      WHERE "c"."TenantId" = @ef_filter__TenantId
info: Microsoft.EntityFrameworkCore.Database.Command[20101]
      Executed DbCommand (0ms) [Parameters=[@ef_filter__TenantId='?' (DbType = Guid)], CommandType='Text', CommandTimeout='30']
      SELECT "c"."Id", "c"."AuthConfigJson", "c"."AuthType", "c"."BaseUrl", "c"."CreatedAt", "c"."Name", "c"."Status", "c"."TenantId", "c"."UpdatedAt"
      FROM "Connections" AS "c"
      WHERE "c"."TenantId" = @ef_filter__TenantId
info: Microsoft.EntityFrameworkCore.Database.Command[20101]
      Executed DbCommand (1ms) [Parameters=[@ef_filter__TenantId='?' (DbType = Guid)], CommandType='Text', CommandTimeout='30']
      SELECT "i"."Id", "i"."CreatedAt", "i"."Description", "i"."Name", "i"."TenantId", "i"."UpdatedAt", "s"."Id", "s"."CreatedAt", "s"."CronExpression", "s"."Description", "s"."IntegrationId", "s"."Name", "s"."PersistedStateJson", "s"."Status", "s"."TenantId", "s"."TriggerType", "s"."UpdatedAt", "s"."WebhookSecret", "s"."Id0", "s"."AuthPassword", "s"."AuthToken", "s"."AuthType", "s"."AuthUsername", "s"."ConnectionId", "s"."EndpointUrl", "s"."FlowId", "s"."HttpMethod", "s"."MappingCode", "s"."NodeName", "s"."PositionX", "s"."PositionY", "s"."PostFlightCode", "s"."PreFlightCode", "s"."StepConfig", "s"."StepType", "s"."TenantId0", "s"."UrlCode", "s"."UrlMode", "s"."Id1", "s"."Condition", "s"."FlowId0", "s"."Order", "s"."SourceNodeId", "s"."SourcePortId", "s"."TargetNodeId", "s"."TargetPortId", "s"."TenantId1"
      FROM "Integrations" AS "i"
      LEFT JOIN (
          SELECT "i0"."Id", "i0"."CreatedAt", "i0"."CronExpression", "i0"."Description", "i0"."IntegrationId", "i0"."Name", "i0"."PersistedStateJson", "i0"."Status", "i0"."TenantId", "i0"."TriggerType", "i0"."UpdatedAt", "i0"."WebhookSecret", "i3"."Id" AS "Id0", "i3"."AuthPassword", "i3"."AuthToken", "i3"."AuthType", "i3"."AuthUsername", "i3"."ConnectionId", "i3"."EndpointUrl", "i3"."FlowId", "i3"."HttpMethod", "i3"."MappingCode", "i3"."NodeName", "i3"."PositionX", "i3"."PositionY", "i3"."PostFlightCode", "i3"."PreFlightCode", "i3"."StepConfig", "i3"."StepType", "i3"."TenantId" AS "TenantId0", "i3"."UrlCode", "i3"."UrlMode", "i4"."Id" AS "Id1", "i4"."Condition", "i4"."FlowId" AS "FlowId0", "i4"."Order", "i4"."SourceNodeId", "i4"."SourcePortId", "i4"."TargetNodeId", "i4"."TargetPortId", "i4"."TenantId" AS "TenantId1"
          FROM "IntegrationFlows" AS "i0"
          LEFT JOIN (
              SELECT "i1"."Id", "i1"."AuthPassword", "i1"."AuthToken", "i1"."AuthType", "i1"."AuthUsername", "i1"."ConnectionId", "i1"."EndpointUrl", "i1"."FlowId", "i1"."HttpMethod", "i1"."MappingCode", "i1"."NodeName", "i1"."PositionX", "i1"."PositionY", "i1"."PostFlightCode", "i1"."PreFlightCode", "i1"."StepConfig", "i1"."StepType", "i1"."TenantId", "i1"."UrlCode", "i1"."UrlMode"
              FROM "IntegrationSteps" AS "i1"
              WHERE "i1"."TenantId" = @ef_filter__TenantId
          ) AS "i3" ON "i0"."Id" = "i3"."FlowId"
          LEFT JOIN (
              SELECT "i2"."Id", "i2"."Condition", "i2"."FlowId", "i2"."Order", "i2"."SourceNodeId", "i2"."SourcePortId", "i2"."TargetNodeId", "i2"."TargetPortId", "i2"."TenantId"
              FROM "IntegrationEdges" AS "i2"
              WHERE "i2"."TenantId" = @ef_filter__TenantId
          ) AS "i4" ON "i0"."Id" = "i4"."FlowId"
          WHERE "i0"."TenantId" = @ef_filter__TenantId
      ) AS "s" ON "i"."Id" = "s"."IntegrationId"
      WHERE "i"."TenantId" = @ef_filter__TenantId
      ORDER BY "i"."Name", "i"."Id", "s"."UpdatedAt" DESC, "s"."Id", "s"."Id0"
info: Microsoft.EntityFrameworkCore.Database.Command[20101]
      Executed DbCommand (0ms) [Parameters=[@ef_filter__TenantId='?' (DbType = Guid)], CommandType='Text', CommandTimeout='30']
      SELECT "i"."Id", "i"."CreatedAt", "i"."CronExpression", "i"."Description", "i"."IntegrationId", "i"."Name", "i"."PersistedStateJson", "i"."Status", "i"."TenantId", "i"."TriggerType", "i"."UpdatedAt", "i"."WebhookSecret", "i2"."Id", "i2"."AuthPassword", "i2"."AuthToken", "i2"."AuthType", "i2"."AuthUsername", "i2"."ConnectionId", "i2"."EndpointUrl", "i2"."FlowId", "i2"."HttpMethod", "i2"."MappingCode", "i2"."NodeName", "i2"."PositionX", "i2"."PositionY", "i2"."PostFlightCode", "i2"."PreFlightCode", "i2"."StepConfig", "i2"."StepType", "i2"."TenantId", "i2"."UrlCode", "i2"."UrlMode", "i3"."Id", "i3"."Condition", "i3"."FlowId", "i3"."Order", "i3"."SourceNodeId", "i3"."SourcePortId", "i3"."TargetNodeId", "i3"."TargetPortId", "i3"."TenantId"
      FROM "IntegrationFlows" AS "i"
      LEFT JOIN (
          SELECT "i0"."Id", "i0"."AuthPassword", "i0"."AuthToken", "i0"."AuthType", "i0"."AuthUsername", "i0"."ConnectionId", "i0"."EndpointUrl", "i0"."FlowId", "i0"."HttpMethod", "i0"."MappingCode", "i0"."NodeName", "i0"."PositionX", "i0"."PositionY", "i0"."PostFlightCode", "i0"."PreFlightCode", "i0"."StepConfig", "i0"."StepType", "i0"."TenantId", "i0"."UrlCode", "i0"."UrlMode"
          FROM "IntegrationSteps" AS "i0"
          WHERE "i0"."TenantId" = @ef_filter__TenantId
      ) AS "i2" ON "i"."Id" = "i2"."FlowId"
      LEFT JOIN (
          SELECT "i1"."Id", "i1"."Condition", "i1"."FlowId", "i1"."Order", "i1"."SourceNodeId", "i1"."SourcePortId", "i1"."TargetNodeId", "i1"."TargetPortId", "i1"."TenantId"
          FROM "IntegrationEdges" AS "i1"
          WHERE "i1"."TenantId" = @ef_filter__TenantId
      ) AS "i3" ON "i"."Id" = "i3"."FlowId"
      WHERE "i"."TenantId" = @ef_filter__TenantId
      ORDER BY "i"."UpdatedAt" DESC, "i"."Id", "i2"."Id"
info: Microsoft.EntityFrameworkCore.Database.Command[20101]
      Executed DbCommand (1ms) [Parameters=[@ef_filter__TenantId='?' (DbType = Guid)], CommandType='Text', CommandTimeout='30']
      SELECT "i"."Id", "i"."CreatedAt", "i"."Description", "i"."Name", "i"."TenantId", "i"."UpdatedAt", "s"."Id", "s"."CreatedAt", "s"."CronExpression", "s"."Description", "s"."IntegrationId", "s"."Name", "s"."PersistedStateJson", "s"."Status", "s"."TenantId", "s"."TriggerType", "s"."UpdatedAt", "s"."WebhookSecret", "s"."Id0", "s"."AuthPassword", "s"."AuthToken", "s"."AuthType", "s"."AuthUsername", "s"."ConnectionId", "s"."EndpointUrl", "s"."FlowId", "s"."HttpMethod", "s"."MappingCode", "s"."NodeName", "s"."PositionX", "s"."PositionY", "s"."PostFlightCode", "s"."PreFlightCode", "s"."StepConfig", "s"."StepType", "s"."TenantId0", "s"."UrlCode", "s"."UrlMode", "s"."Id1", "s"."Condition", "s"."FlowId0", "s"."Order", "s"."SourceNodeId", "s"."SourcePortId", "s"."TargetNodeId", "s"."TargetPortId", "s"."TenantId1"
      FROM "Integrations" AS "i"
      LEFT JOIN (
          SELECT "i0"."Id", "i0"."CreatedAt", "i0"."CronExpression", "i0"."Description", "i0"."IntegrationId", "i0"."Name", "i0"."PersistedStateJson", "i0"."Status", "i0"."TenantId", "i0"."TriggerType", "i0"."UpdatedAt", "i0"."WebhookSecret", "i3"."Id" AS "Id0", "i3"."AuthPassword", "i3"."AuthToken", "i3"."AuthType", "i3"."AuthUsername", "i3"."ConnectionId", "i3"."EndpointUrl", "i3"."FlowId", "i3"."HttpMethod", "i3"."MappingCode", "i3"."NodeName", "i3"."PositionX", "i3"."PositionY", "i3"."PostFlightCode", "i3"."PreFlightCode", "i3"."StepConfig", "i3"."StepType", "i3"."TenantId" AS "TenantId0", "i3"."UrlCode", "i3"."UrlMode", "i4"."Id" AS "Id1", "i4"."Condition", "i4"."FlowId" AS "FlowId0", "i4"."Order", "i4"."SourceNodeId", "i4"."SourcePortId", "i4"."TargetNodeId", "i4"."TargetPortId", "i4"."TenantId" AS "TenantId1"
          FROM "IntegrationFlows" AS "i0"
          LEFT JOIN (
              SELECT "i1"."Id", "i1"."AuthPassword", "i1"."AuthToken", "i1"."AuthType", "i1"."AuthUsername", "i1"."ConnectionId", "i1"."EndpointUrl", "i1"."FlowId", "i1"."HttpMethod", "i1"."MappingCode", "i1"."NodeName", "i1"."PositionX", "i1"."PositionY", "i1"."PostFlightCode", "i1"."PreFlightCode", "i1"."StepConfig", "i1"."StepType", "i1"."TenantId", "i1"."UrlCode", "i1"."UrlMode"
              FROM "IntegrationSteps" AS "i1"
              WHERE "i1"."TenantId" = @ef_filter__TenantId
          ) AS "i3" ON "i0"."Id" = "i3"."FlowId"
          LEFT JOIN (
              SELECT "i2"."Id", "i2"."Condition", "i2"."FlowId", "i2"."Order", "i2"."SourceNodeId", "i2"."SourcePortId", "i2"."TargetNodeId", "i2"."TargetPortId", "i2"."TenantId"
              FROM "IntegrationEdges" AS "i2"
              WHERE "i2"."TenantId" = @ef_filter__TenantId
          ) AS "i4" ON "i0"."Id" = "i4"."FlowId"
          WHERE "i0"."TenantId" = @ef_filter__TenantId
      ) AS "s" ON "i"."Id" = "s"."IntegrationId"
      WHERE "i"."TenantId" = @ef_filter__TenantId
      ORDER BY "i"."Name", "i"."Id", "s"."UpdatedAt" DESC, "s"."Id", "s"."Id0"
info: Microsoft.EntityFrameworkCore.Database.Command[20101]
      Executed DbCommand (0ms) [Parameters=[@ef_filter__TenantId='?' (DbType = Guid)], CommandType='Text', CommandTimeout='30']
      SELECT "c"."Id", "c"."AuthConfigJson", "c"."AuthType", "c"."BaseUrl", "c"."CreatedAt", "c"."Name", "c"."Status", "c"."TenantId", "c"."UpdatedAt"
      FROM "Connections" AS "c"
      WHERE "c"."TenantId" = @ef_filter__TenantId
info: Microsoft.EntityFrameworkCore.Database.Command[20101]
      Executed DbCommand (0ms) [Parameters=[@ef_filter__TenantId='?' (DbType = Guid), @p='?' (DbType = Int32)], CommandType='Text', CommandTimeout='30']
      SELECT "d"."Id", "d"."CreatedAt", "d"."ErrorMessage", "d"."FlowExecutionId", "d"."LastRetriedAt", "d"."Payload", "d"."RetryCount", "d"."Status", "d"."StepId", "d"."TenantId"
      FROM "DeadLetterEntries" AS "d"
      WHERE "d"."TenantId" = @ef_filter__TenantId AND "d"."Status" = 'Pending'
      ORDER BY "d"."CreatedAt"
      LIMIT @p
info: Microsoft.EntityFrameworkCore.Database.Command[20101]
      Executed DbCommand (0ms) [Parameters=[@ef_filter__TenantId='?' (DbType = Guid), @p='?' (DbType = Int32)], CommandType='Text', CommandTimeout='30']
      SELECT "d"."Id", "d"."CreatedAt", "d"."ErrorMessage", "d"."FlowExecutionId", "d"."LastRetriedAt", "d"."Payload", "d"."RetryCount", "d"."Status", "d"."StepId", "d"."TenantId"
      FROM "DeadLetterEntries" AS "d"
      WHERE "d"."TenantId" = @ef_filter__TenantId AND "d"."Status" = 'Pending'
      ORDER BY "d"."CreatedAt"
      LIMIT @p
info: Microsoft.EntityFrameworkCore.Database.Command[20101]
      Executed DbCommand (0ms) [Parameters=[@ef_filter__TenantId='?' (DbType = Guid), @p='?' (DbType = Int32)], CommandType='Text', CommandTimeout='30']
      SELECT "d"."Id", "d"."CreatedAt", "d"."ErrorMessage", "d"."FlowExecutionId", "d"."LastRetriedAt", "d"."Payload", "d"."RetryCount", "d"."Status", "d"."StepId", "d"."TenantId"
      FROM "DeadLetterEntries" AS "d"
      WHERE "d"."TenantId" = @ef_filter__TenantId AND "d"."Status" = 'Pending'
      ORDER BY "d"."CreatedAt"
      LIMIT @p
info: Microsoft.EntityFrameworkCore.Database.Command[20101]
      Executed DbCommand (0ms) [Parameters=[@ef_filter__TenantId='?' (DbType = Guid), @p='?' (DbType = Int32)], CommandType='Text', CommandTimeout='30']
      SELECT "d"."Id", "d"."CreatedAt", "d"."ErrorMessage", "d"."FlowExecutionId", "d"."LastRetriedAt", "d"."Payload", "d"."RetryCount", "d"."Status", "d"."StepId", "d"."TenantId"
      FROM "DeadLetterEntries" AS "d"
      WHERE "d"."TenantId" = @ef_filter__TenantId AND "d"."Status" = 'Pending'
      ORDER BY "d"."CreatedAt"
      LIMIT @p
info: Microsoft.EntityFrameworkCore.Database.Command[20101]
      Executed DbCommand (0ms) [Parameters=[@ef_filter__TenantId='?' (DbType = Guid), @p='?' (DbType = Int32)], CommandType='Text', CommandTimeout='30']
      SELECT "d"."Id", "d"."CreatedAt", "d"."ErrorMessage", "d"."FlowExecutionId", "d"."LastRetriedAt", "d"."Payload", "d"."RetryCount", "d"."Status", "d"."StepId", "d"."TenantId"
      FROM "DeadLetterEntries" AS "d"
      WHERE "d"."TenantId" = @ef_filter__TenantId AND "d"."Status" = 'Pending'
      ORDER BY "d"."CreatedAt"
      LIMIT @p
info: Microsoft.EntityFrameworkCore.Database.Command[20101]
      Executed DbCommand (1ms) [Parameters=[@ef_filter__TenantId='?' (DbType = Guid), @p='?' (DbType = Int32)], CommandType='Text', CommandTimeout='30']
      SELECT "d"."Id", "d"."CreatedAt", "d"."ErrorMessage", "d"."FlowExecutionId", "d"."LastRetriedAt", "d"."Payload", "d"."RetryCount", "d"."Status", "d"."StepId", "d"."TenantId"
      FROM "DeadLetterEntries" AS "d"
      WHERE "d"."TenantId" = @ef_filter__TenantId AND "d"."Status" = 'Pending'
      ORDER BY "d"."CreatedAt"
      LIMIT @p
info: Microsoft.EntityFrameworkCore.Database.Command[20101]
      Executed DbCommand (0ms) [Parameters=[@ef_filter__TenantId='?' (DbType = Guid), @p='?' (DbType = Int32)], CommandType='Text', CommandTimeout='30']
      SELECT "d"."Id", "d"."CreatedAt", "d"."ErrorMessage", "d"."FlowExecutionId", "d"."LastRetriedAt", "d"."Payload", "d"."RetryCount", "d"."Status", "d"."StepId", "d"."TenantId"
      FROM "DeadLetterEntries" AS "d"
      WHERE "d"."TenantId" = @ef_filter__TenantId AND "d"."Status" = 'Pending'
      ORDER BY "d"."CreatedAt"
      LIMIT @p
info: Microsoft.EntityFrameworkCore.Database.Command[20101]
      Executed DbCommand (0ms) [Parameters=[@ef_filter__TenantId='?' (DbType = Guid), @p='?' (DbType = Int32)], CommandType='Text', CommandTimeout='30']
      SELECT "d"."Id", "d"."CreatedAt", "d"."ErrorMessage", "d"."FlowExecutionId", "d"."LastRetriedAt", "d"."Payload", "d"."RetryCount", "d"."Status", "d"."StepId", "d"."TenantId"
      FROM "DeadLetterEntries" AS "d"
      WHERE "d"."TenantId" = @ef_filter__TenantId AND "d"."Status" = 'Pending'
      ORDER BY "d"."CreatedAt"
      LIMIT @p
info: Microsoft.EntityFrameworkCore.Database.Command[20101]
      Executed DbCommand (1ms) [Parameters=[@ef_filter__TenantId='?' (DbType = Guid), @p='?' (DbType = Int32)], CommandType='Text', CommandTimeout='30']
      SELECT "d"."Id", "d"."CreatedAt", "d"."ErrorMessage", "d"."FlowExecutionId", "d"."LastRetriedAt", "d"."Payload", "d"."RetryCount", "d"."Status", "d"."StepId", "d"."TenantId"
      FROM "DeadLetterEntries" AS "d"
      WHERE "d"."TenantId" = @ef_filter__TenantId AND "d"."Status" = 'Pending'
      ORDER BY "d"."CreatedAt"
      LIMIT @p
info: Microsoft.EntityFrameworkCore.Database.Command[20101]
      Executed DbCommand (0ms) [Parameters=[@ef_filter__TenantId='?' (DbType = Guid), @p='?' (DbType = Int32)], CommandType='Text', CommandTimeout='30']
      SELECT "d"."Id", "d"."CreatedAt", "d"."ErrorMessage", "d"."FlowExecutionId", "d"."LastRetriedAt", "d"."Payload", "d"."RetryCount", "d"."Status", "d"."StepId", "d"."TenantId"
      FROM "DeadLetterEntries" AS "d"
      WHERE "d"."TenantId" = @ef_filter__TenantId AND "d"."Status" = 'Pending'
      ORDER BY "d"."CreatedAt"
      LIMIT @p
info: Microsoft.EntityFrameworkCore.Database.Command[20101]
      Executed DbCommand (0ms) [Parameters=[@ef_filter__TenantId='?' (DbType = Guid), @p='?' (DbType = Int32)], CommandType='Text', CommandTimeout='30']
      SELECT "d"."Id", "d"."CreatedAt", "d"."ErrorMessage", "d"."FlowExecutionId", "d"."LastRetriedAt", "d"."Payload", "d"."RetryCount", "d"."Status", "d"."StepId", "d"."TenantId"
      FROM "DeadLetterEntries" AS "d"
      WHERE "d"."TenantId" = @ef_filter__TenantId AND "d"."Status" = 'Pending'
      ORDER BY "d"."CreatedAt"
      LIMIT @p
info: Microsoft.EntityFrameworkCore.Database.Command[20101]
      Executed DbCommand (0ms) [Parameters=[@ef_filter__TenantId='?' (DbType = Guid), @p='?' (DbType = Int32)], CommandType='Text', CommandTimeout='30']
      SELECT "d"."Id", "d"."CreatedAt", "d"."ErrorMessage", "d"."FlowExecutionId", "d"."LastRetriedAt", "d"."Payload", "d"."RetryCount", "d"."Status", "d"."StepId", "d"."TenantId"
      FROM "DeadLetterEntries" AS "d"
      WHERE "d"."TenantId" = @ef_filter__TenantId AND "d"."Status" = 'Pending'
      ORDER BY "d"."CreatedAt"
      LIMIT @p
info: Microsoft.EntityFrameworkCore.Database.Command[20101]
      Executed DbCommand (0ms) [Parameters=[@ef_filter__TenantId='?' (DbType = Guid), @p='?' (DbType = Int32)], CommandType='Text', CommandTimeout='30']
      SELECT "d"."Id", "d"."CreatedAt", "d"."ErrorMessage", "d"."FlowExecutionId", "d"."LastRetriedAt", "d"."Payload", "d"."RetryCount", "d"."Status", "d"."StepId", "d"."TenantId"
      FROM "DeadLetterEntries" AS "d"
      WHERE "d"."TenantId" = @ef_filter__TenantId AND "d"."Status" = 'Pending'
      ORDER BY "d"."CreatedAt"
      LIMIT @p
info: Microsoft.EntityFrameworkCore.Database.Command[20101]
      Executed DbCommand (0ms) [Parameters=[@ef_filter__TenantId='?' (DbType = Guid), @p='?' (DbType = Int32)], CommandType='Text', CommandTimeout='30']
      SELECT "d"."Id", "d"."CreatedAt", "d"."ErrorMessage", "d"."FlowExecutionId", "d"."LastRetriedAt", "d"."Payload", "d"."RetryCount", "d"."Status", "d"."StepId", "d"."TenantId"
      FROM "DeadLetterEntries" AS "d"
      WHERE "d"."TenantId" = @ef_filter__TenantId AND "d"."Status" = 'Pending'
      ORDER BY "d"."CreatedAt"
      LIMIT @p
info: Microsoft.EntityFrameworkCore.Database.Command[20101]
      Executed DbCommand (0ms) [Parameters=[@ef_filter__TenantId='?' (DbType = Guid), @p='?' (DbType = Int32)], CommandType='Text', CommandTimeout='30']
      SELECT "d"."Id", "d"."CreatedAt", "d"."ErrorMessage", "d"."FlowExecutionId", "d"."LastRetriedAt", "d"."Payload", "d"."RetryCount", "d"."Status", "d"."StepId", "d"."TenantId"
      FROM "DeadLetterEntries" AS "d"
      WHERE "d"."TenantId" = @ef_filter__TenantId AND "d"."Status" = 'Pending'
      ORDER BY "d"."CreatedAt"
      LIMIT @p
info: Microsoft.EntityFrameworkCore.Database.Command[20101]
      Executed DbCommand (0ms) [Parameters=[@ef_filter__TenantId='?' (DbType = Guid), @p='?' (DbType = Int32)], CommandType='Text', CommandTimeout='30']
      SELECT "d"."Id", "d"."CreatedAt", "d"."ErrorMessage", "d"."FlowExecutionId", "d"."LastRetriedAt", "d"."Payload", "d"."RetryCount", "d"."Status", "d"."StepId", "d"."TenantId"
      FROM "DeadLetterEntries" AS "d"
      WHERE "d"."TenantId" = @ef_filter__TenantId AND "d"."Status" = 'Pending'
      ORDER BY "d"."CreatedAt"
      LIMIT @p
info: Microsoft.EntityFrameworkCore.Database.Command[20101]
      Executed DbCommand (0ms) [Parameters=[@ef_filter__TenantId='?' (DbType = Guid), @p='?' (DbType = Int32)], CommandType='Text', CommandTimeout='30']
      SELECT "d"."Id", "d"."CreatedAt", "d"."ErrorMessage", "d"."FlowExecutionId", "d"."LastRetriedAt", "d"."Payload", "d"."RetryCount", "d"."Status", "d"."StepId", "d"."TenantId"
      FROM "DeadLetterEntries" AS "d"
      WHERE "d"."TenantId" = @ef_filter__TenantId AND "d"."Status" = 'Pending'
      ORDER BY "d"."CreatedAt"
      LIMIT @p
info: Microsoft.EntityFrameworkCore.Database.Command[20101]
      Executed DbCommand (0ms) [Parameters=[@ef_filter__TenantId='?' (DbType = Guid), @p='?' (DbType = Int32)], CommandType='Text', CommandTimeout='30']
      SELECT "d"."Id", "d"."CreatedAt", "d"."ErrorMessage", "d"."FlowExecutionId", "d"."LastRetriedAt", "d"."Payload", "d"."RetryCount", "d"."Status", "d"."StepId", "d"."TenantId"
      FROM "DeadLetterEntries" AS "d"
      WHERE "d"."TenantId" = @ef_filter__TenantId AND "d"."Status" = 'Pending'
      ORDER BY "d"."CreatedAt"
      LIMIT @p
info: Microsoft.EntityFrameworkCore.Database.Command[20101]
      Executed DbCommand (5ms) [Parameters=[@ef_filter__TenantId='?' (DbType = Guid), @p='?' (DbType = Int32)], CommandType='Text', CommandTimeout='30']
      SELECT "d"."Id", "d"."CreatedAt", "d"."ErrorMessage", "d"."FlowExecutionId", "d"."LastRetriedAt", "d"."Payload", "d"."RetryCount", "d"."Status", "d"."StepId", "d"."TenantId"
      FROM "DeadLetterEntries" AS "d"
      WHERE "d"."TenantId" = @ef_filter__TenantId AND "d"."Status" = 'Pending'
      ORDER BY "d"."CreatedAt"
      LIMIT @p
info: Microsoft.EntityFrameworkCore.Database.Command[20101]
      Executed DbCommand (1ms) [Parameters=[@ef_filter__TenantId='?' (DbType = Guid), @p='?' (DbType = Int32)], CommandType='Text', CommandTimeout='30']
      SELECT "d"."Id", "d"."CreatedAt", "d"."ErrorMessage", "d"."FlowExecutionId", "d"."LastRetriedAt", "d"."Payload", "d"."RetryCount", "d"."Status", "d"."StepId", "d"."TenantId"
      FROM "DeadLetterEntries" AS "d"
      WHERE "d"."TenantId" = @ef_filter__TenantId AND "d"."Status" = 'Pending'
      ORDER BY "d"."CreatedAt"
      LIMIT @p
info: Microsoft.EntityFrameworkCore.Database.Command[20101]
      Executed DbCommand (6ms) [Parameters=[@ef_filter__TenantId='?' (DbType = Guid), @p='?' (DbType = Int32)], CommandType='Text', CommandTimeout='30']
      SELECT "d"."Id", "d"."CreatedAt", "d"."ErrorMessage", "d"."FlowExecutionId", "d"."LastRetriedAt", "d"."Payload", "d"."RetryCount", "d"."Status", "d"."StepId", "d"."TenantId"
      FROM "DeadLetterEntries" AS "d"
      WHERE "d"."TenantId" = @ef_filter__TenantId AND "d"."Status" = 'Pending'
      ORDER BY "d"."CreatedAt"
      LIMIT @p
info: Microsoft.EntityFrameworkCore.Database.Command[20101]
      Executed DbCommand (0ms) [Parameters=[@ef_filter__TenantId='?' (DbType = Guid), @p='?' (DbType = Int32)], CommandType='Text', CommandTimeout='30']
      SELECT "d"."Id", "d"."CreatedAt", "d"."ErrorMessage", "d"."FlowExecutionId", "d"."LastRetriedAt", "d"."Payload", "d"."RetryCount", "d"."Status", "d"."StepId", "d"."TenantId"
      FROM "DeadLetterEntries" AS "d"
      WHERE "d"."TenantId" = @ef_filter__TenantId AND "d"."Status" = 'Pending'
      ORDER BY "d"."CreatedAt"
      LIMIT @p
info: Microsoft.EntityFrameworkCore.Database.Command[20101]
      Executed DbCommand (0ms) [Parameters=[@ef_filter__TenantId='?' (DbType = Guid), @p='?' (DbType = Int32)], CommandType='Text', CommandTimeout='30']
      SELECT "d"."Id", "d"."CreatedAt", "d"."ErrorMessage", "d"."FlowExecutionId", "d"."LastRetriedAt", "d"."Payload", "d"."RetryCount", "d"."Status", "d"."StepId", "d"."TenantId"
      FROM "DeadLetterEntries" AS "d"
      WHERE "d"."TenantId" = @ef_filter__TenantId AND "d"."Status" = 'Pending'
      ORDER BY "d"."CreatedAt"
      LIMIT @p
info: Microsoft.EntityFrameworkCore.Database.Command[20101]
      Executed DbCommand (2ms) [Parameters=[@ef_filter__TenantId='?' (DbType = Guid)], CommandType='Text', CommandTimeout='30']
      SELECT "i"."Id", "i"."CreatedAt", "i"."Description", "i"."Name", "i"."TenantId", "i"."UpdatedAt", "s"."Id", "s"."CreatedAt", "s"."CronExpression", "s"."Description", "s"."IntegrationId", "s"."Name", "s"."PersistedStateJson", "s"."Status", "s"."TenantId", "s"."TriggerType", "s"."UpdatedAt", "s"."WebhookSecret", "s"."Id0", "s"."AuthPassword", "s"."AuthToken", "s"."AuthType", "s"."AuthUsername", "s"."ConnectionId", "s"."EndpointUrl", "s"."FlowId", "s"."HttpMethod", "s"."MappingCode", "s"."NodeName", "s"."PositionX", "s"."PositionY", "s"."PostFlightCode", "s"."PreFlightCode", "s"."StepConfig", "s"."StepType", "s"."TenantId0", "s"."UrlCode", "s"."UrlMode", "s"."Id1", "s"."Condition", "s"."FlowId0", "s"."Order", "s"."SourceNodeId", "s"."SourcePortId", "s"."TargetNodeId", "s"."TargetPortId", "s"."TenantId1"
      FROM "Integrations" AS "i"
      LEFT JOIN (
          SELECT "i0"."Id", "i0"."CreatedAt", "i0"."CronExpression", "i0"."Description", "i0"."IntegrationId", "i0"."Name", "i0"."PersistedStateJson", "i0"."Status", "i0"."TenantId", "i0"."TriggerType", "i0"."UpdatedAt", "i0"."WebhookSecret", "i3"."Id" AS "Id0", "i3"."AuthPassword", "i3"."AuthToken", "i3"."AuthType", "i3"."AuthUsername", "i3"."ConnectionId", "i3"."EndpointUrl", "i3"."FlowId", "i3"."HttpMethod", "i3"."MappingCode", "i3"."NodeName", "i3"."PositionX", "i3"."PositionY", "i3"."PostFlightCode", "i3"."PreFlightCode", "i3"."StepConfig", "i3"."StepType", "i3"."TenantId" AS "TenantId0", "i3"."UrlCode", "i3"."UrlMode", "i4"."Id" AS "Id1", "i4"."Condition", "i4"."FlowId" AS "FlowId0", "i4"."Order", "i4"."SourceNodeId", "i4"."SourcePortId", "i4"."TargetNodeId", "i4"."TargetPortId", "i4"."TenantId" AS "TenantId1"
          FROM "IntegrationFlows" AS "i0"
          LEFT JOIN (
              SELECT "i1"."Id", "i1"."AuthPassword", "i1"."AuthToken", "i1"."AuthType", "i1"."AuthUsername", "i1"."ConnectionId", "i1"."EndpointUrl", "i1"."FlowId", "i1"."HttpMethod", "i1"."MappingCode", "i1"."NodeName", "i1"."PositionX", "i1"."PositionY", "i1"."PostFlightCode", "i1"."PreFlightCode", "i1"."StepConfig", "i1"."StepType", "i1"."TenantId", "i1"."UrlCode", "i1"."UrlMode"
              FROM "IntegrationSteps" AS "i1"
              WHERE "i1"."TenantId" = @ef_filter__TenantId
          ) AS "i3" ON "i0"."Id" = "i3"."FlowId"
          LEFT JOIN (
              SELECT "i2"."Id", "i2"."Condition", "i2"."FlowId", "i2"."Order", "i2"."SourceNodeId", "i2"."SourcePortId", "i2"."TargetNodeId", "i2"."TargetPortId", "i2"."TenantId"
              FROM "IntegrationEdges" AS "i2"
              WHERE "i2"."TenantId" = @ef_filter__TenantId
          ) AS "i4" ON "i0"."Id" = "i4"."FlowId"
          WHERE "i0"."TenantId" = @ef_filter__TenantId
      ) AS "s" ON "i"."Id" = "s"."IntegrationId"
      WHERE "i"."TenantId" = @ef_filter__TenantId
      ORDER BY "i"."Name", "i"."Id", "s"."UpdatedAt" DESC, "s"."Id", "s"."Id0"
info: Microsoft.EntityFrameworkCore.Database.Command[20101]
      Executed DbCommand (6ms) [Parameters=[@ef_filter__TenantId='?' (DbType = Guid)], CommandType='Text', CommandTimeout='30']
      SELECT "i"."Id", "i"."CreatedAt", "i"."CronExpression", "i"."Description", "i"."IntegrationId", "i"."Name", "i"."PersistedStateJson", "i"."Status", "i"."TenantId", "i"."TriggerType", "i"."UpdatedAt", "i"."WebhookSecret", "i2"."Id", "i2"."AuthPassword", "i2"."AuthToken", "i2"."AuthType", "i2"."AuthUsername", "i2"."ConnectionId", "i2"."EndpointUrl", "i2"."FlowId", "i2"."HttpMethod", "i2"."MappingCode", "i2"."NodeName", "i2"."PositionX", "i2"."PositionY", "i2"."PostFlightCode", "i2"."PreFlightCode", "i2"."StepConfig", "i2"."StepType", "i2"."TenantId", "i2"."UrlCode", "i2"."UrlMode", "i3"."Id", "i3"."Condition", "i3"."FlowId", "i3"."Order", "i3"."SourceNodeId", "i3"."SourcePortId", "i3"."TargetNodeId", "i3"."TargetPortId", "i3"."TenantId"
      FROM "IntegrationFlows" AS "i"
      LEFT JOIN (
          SELECT "i0"."Id", "i0"."AuthPassword", "i0"."AuthToken", "i0"."AuthType", "i0"."AuthUsername", "i0"."ConnectionId", "i0"."EndpointUrl", "i0"."FlowId", "i0"."HttpMethod", "i0"."MappingCode", "i0"."NodeName", "i0"."PositionX", "i0"."PositionY", "i0"."PostFlightCode", "i0"."PreFlightCode", "i0"."StepConfig", "i0"."StepType", "i0"."TenantId", "i0"."UrlCode", "i0"."UrlMode"
          FROM "IntegrationSteps" AS "i0"
          WHERE "i0"."TenantId" = @ef_filter__TenantId
      ) AS "i2" ON "i"."Id" = "i2"."FlowId"
      LEFT JOIN (
          SELECT "i1"."Id", "i1"."Condition", "i1"."FlowId", "i1"."Order", "i1"."SourceNodeId", "i1"."SourcePortId", "i1"."TargetNodeId", "i1"."TargetPortId", "i1"."TenantId"
          FROM "IntegrationEdges" AS "i1"
          WHERE "i1"."TenantId" = @ef_filter__TenantId
      ) AS "i3" ON "i"."Id" = "i3"."FlowId"
      WHERE "i"."TenantId" = @ef_filter__TenantId
      ORDER BY "i"."UpdatedAt" DESC, "i"."Id", "i2"."Id"
info: Microsoft.EntityFrameworkCore.Database.Command[20101]
      Executed DbCommand (1ms) [Parameters=[@ef_filter__TenantId='?' (DbType = Guid), @p='?' (DbType = Int32)], CommandType='Text', CommandTimeout='30']
      SELECT "d"."Id", "d"."CreatedAt", "d"."ErrorMessage", "d"."FlowExecutionId", "d"."LastRetriedAt", "d"."Payload", "d"."RetryCount", "d"."Status", "d"."StepId", "d"."TenantId"
      FROM "DeadLetterEntries" AS "d"
      WHERE "d"."TenantId" = @ef_filter__TenantId AND "d"."Status" = 'Pending'
      ORDER BY "d"."CreatedAt"
      LIMIT @p
info: Microsoft.EntityFrameworkCore.Database.Command[20101]
      Executed DbCommand (0ms) [Parameters=[@ef_filter__TenantId='?' (DbType = Guid), @p='?' (DbType = Int32)], CommandType='Text', CommandTimeout='30']
      SELECT "d"."Id", "d"."CreatedAt", "d"."ErrorMessage", "d"."FlowExecutionId", "d"."LastRetriedAt", "d"."Payload", "d"."RetryCount", "d"."Status", "d"."StepId", "d"."TenantId"
      FROM "DeadLetterEntries" AS "d"
      WHERE "d"."TenantId" = @ef_filter__TenantId AND "d"."Status" = 'Pending'
      ORDER BY "d"."CreatedAt"
      LIMIT @p
info: Microsoft.EntityFrameworkCore.Database.Command[20101]
      Executed DbCommand (0ms) [Parameters=[@ef_filter__TenantId='?' (DbType = Guid), @p='?' (DbType = Int32)], CommandType='Text', CommandTimeout='30']
      SELECT "d"."Id", "d"."CreatedAt", "d"."ErrorMessage", "d"."FlowExecutionId", "d"."LastRetriedAt", "d"."Payload", "d"."RetryCount", "d"."Status", "d"."StepId", "d"."TenantId"
      FROM "DeadLetterEntries" AS "d"
      WHERE "d"."TenantId" = @ef_filter__TenantId AND "d"."Status" = 'Pending'
      ORDER BY "d"."CreatedAt"
      LIMIT @p
info: Microsoft.EntityFrameworkCore.Database.Command[20101]
      Executed DbCommand (0ms) [Parameters=[@ef_filter__TenantId='?' (DbType = Guid), @p='?' (DbType = Int32)], CommandType='Text', CommandTimeout='30']
      SELECT "d"."Id", "d"."CreatedAt", "d"."ErrorMessage", "d"."FlowExecutionId", "d"."LastRetriedAt", "d"."Payload", "d"."RetryCount", "d"."Status", "d"."StepId", "d"."TenantId"
      FROM "DeadLetterEntries" AS "d"
      WHERE "d"."TenantId" = @ef_filter__TenantId AND "d"."Status" = 'Pending'
      ORDER BY "d"."CreatedAt"
      LIMIT @p
info: Microsoft.EntityFrameworkCore.Database.Command[20101]
      Executed DbCommand (0ms) [Parameters=[@ef_filter__TenantId='?' (DbType = Guid), @p='?' (DbType = Int32)], CommandType='Text', CommandTimeout='30']
      SELECT "d"."Id", "d"."CreatedAt", "d"."ErrorMessage", "d"."FlowExecutionId", "d"."LastRetriedAt", "d"."Payload", "d"."RetryCount", "d"."Status", "d"."StepId", "d"."TenantId"
      FROM "DeadLetterEntries" AS "d"
      WHERE "d"."TenantId" = @ef_filter__TenantId AND "d"."Status" = 'Pending'
      ORDER BY "d"."CreatedAt"
      LIMIT @p
info: Microsoft.EntityFrameworkCore.Database.Command[20101]
      Executed DbCommand (0ms) [Parameters=[@ef_filter__TenantId='?' (DbType = Guid), @p='?' (DbType = Int32)], CommandType='Text', CommandTimeout='30']
      SELECT "d"."Id", "d"."CreatedAt", "d"."ErrorMessage", "d"."FlowExecutionId", "d"."LastRetriedAt", "d"."Payload", "d"."RetryCount", "d"."Status", "d"."StepId", "d"."TenantId"
      FROM "DeadLetterEntries" AS "d"
      WHERE "d"."TenantId" = @ef_filter__TenantId AND "d"."Status" = 'Pending'
      ORDER BY "d"."CreatedAt"
      LIMIT @p
info: Microsoft.EntityFrameworkCore.Database.Command[20101]
      Executed DbCommand (0ms) [Parameters=[@ef_filter__TenantId='?' (DbType = Guid), @p='?' (DbType = Int32)], CommandType='Text', CommandTimeout='30']
      SELECT "d"."Id", "d"."CreatedAt", "d"."ErrorMessage", "d"."FlowExecutionId", "d"."LastRetriedAt", "d"."Payload", "d"."RetryCount", "d"."Status", "d"."StepId", "d"."TenantId"
      FROM "DeadLetterEntries" AS "d"
      WHERE "d"."TenantId" = @ef_filter__TenantId AND "d"."Status" = 'Pending'
      ORDER BY "d"."CreatedAt"
      LIMIT @p
info: Microsoft.EntityFrameworkCore.Database.Command[20101]
      Executed DbCommand (0ms) [Parameters=[@ef_filter__TenantId='?' (DbType = Guid), @p='?' (DbType = Int32)], CommandType='Text', CommandTimeout='30']
      SELECT "d"."Id", "d"."CreatedAt", "d"."ErrorMessage", "d"."FlowExecutionId", "d"."LastRetriedAt", "d"."Payload", "d"."RetryCount", "d"."Status", "d"."StepId", "d"."TenantId"
      FROM "DeadLetterEntries" AS "d"
      WHERE "d"."TenantId" = @ef_filter__TenantId AND "d"."Status" = 'Pending'
      ORDER BY "d"."CreatedAt"
      LIMIT @p
info: Microsoft.EntityFrameworkCore.Database.Command[20101]
      Executed DbCommand (0ms) [Parameters=[@ef_filter__TenantId='?' (DbType = Guid), @p='?' (DbType = Int32)], CommandType='Text', CommandTimeout='30']
      SELECT "d"."Id", "d"."CreatedAt", "d"."ErrorMessage", "d"."FlowExecutionId", "d"."LastRetriedAt", "d"."Payload", "d"."RetryCount", "d"."Status", "d"."StepId", "d"."TenantId"
      FROM "DeadLetterEntries" AS "d"
      WHERE "d"."TenantId" = @ef_filter__TenantId AND "d"."Status" = 'Pending'
      ORDER BY "d"."CreatedAt"
      LIMIT @p
info: Microsoft.EntityFrameworkCore.Database.Command[20101]
      Executed DbCommand (1ms) [Parameters=[@ef_filter__TenantId='?' (DbType = Guid), @p='?' (DbType = Int32)], CommandType='Text', CommandTimeout='30']
      SELECT "d"."Id", "d"."CreatedAt", "d"."ErrorMessage", "d"."FlowExecutionId", "d"."LastRetriedAt", "d"."Payload", "d"."RetryCount", "d"."Status", "d"."StepId", "d"."TenantId"
      FROM "DeadLetterEntries" AS "d"
      WHERE "d"."TenantId" = @ef_filter__TenantId AND "d"."Status" = 'Pending'
      ORDER BY "d"."CreatedAt"
      LIMIT @p
info: Microsoft.EntityFrameworkCore.Database.Command[20101]
      Executed DbCommand (0ms) [Parameters=[@ef_filter__TenantId='?' (DbType = Guid), @p='?' (DbType = Int32)], CommandType='Text', CommandTimeout='30']
      SELECT "d"."Id", "d"."CreatedAt", "d"."ErrorMessage", "d"."FlowExecutionId", "d"."LastRetriedAt", "d"."Payload", "d"."RetryCount", "d"."Status", "d"."StepId", "d"."TenantId"
      FROM "DeadLetterEntries" AS "d"
      WHERE "d"."TenantId" = @ef_filter__TenantId AND "d"."Status" = 'Pending'
      ORDER BY "d"."CreatedAt"
      LIMIT @p
info: Microsoft.EntityFrameworkCore.Database.Command[20101]
      Executed DbCommand (0ms) [Parameters=[@ef_filter__TenantId='?' (DbType = Guid), @p='?' (DbType = Int32)], CommandType='Text', CommandTimeout='30']
      SELECT "d"."Id", "d"."CreatedAt", "d"."ErrorMessage", "d"."FlowExecutionId", "d"."LastRetriedAt", "d"."Payload", "d"."RetryCount", "d"."Status", "d"."StepId", "d"."TenantId"
      FROM "DeadLetterEntries" AS "d"
      WHERE "d"."TenantId" = @ef_filter__TenantId AND "d"."Status" = 'Pending'
      ORDER BY "d"."CreatedAt"
      LIMIT @p
info: Microsoft.EntityFrameworkCore.Database.Command[20101]
      Executed DbCommand (1ms) [Parameters=[@ef_filter__TenantId='?' (DbType = Guid), @p='?' (DbType = Int32)], CommandType='Text', CommandTimeout='30']
      SELECT "d"."Id", "d"."CreatedAt", "d"."ErrorMessage", "d"."FlowExecutionId", "d"."LastRetriedAt", "d"."Payload", "d"."RetryCount", "d"."Status", "d"."StepId", "d"."TenantId"
      FROM "DeadLetterEntries" AS "d"
      WHERE "d"."TenantId" = @ef_filter__TenantId AND "d"."Status" = 'Pending'
      ORDER BY "d"."CreatedAt"
      LIMIT @p
info: Microsoft.EntityFrameworkCore.Database.Command[20101]
      Executed DbCommand (0ms) [Parameters=[@ef_filter__TenantId='?' (DbType = Guid), @p='?' (DbType = Int32)], CommandType='Text', CommandTimeout='30']
      SELECT "d"."Id", "d"."CreatedAt", "d"."ErrorMessage", "d"."FlowExecutionId", "d"."LastRetriedAt", "d"."Payload", "d"."RetryCount", "d"."Status", "d"."StepId", "d"."TenantId"
      FROM "DeadLetterEntries" AS "d"
      WHERE "d"."TenantId" = @ef_filter__TenantId AND "d"."Status" = 'Pending'
      ORDER BY "d"."CreatedAt"
      LIMIT @p
info: Microsoft.EntityFrameworkCore.Database.Command[20101]
      Executed DbCommand (0ms) [Parameters=[@ef_filter__TenantId='?' (DbType = Guid), @p='?' (DbType = Int32)], CommandType='Text', CommandTimeout='30']
      SELECT "d"."Id", "d"."CreatedAt", "d"."ErrorMessage", "d"."FlowExecutionId", "d"."LastRetriedAt", "d"."Payload", "d"."RetryCount", "d"."Status", "d"."StepId", "d"."TenantId"
      FROM "DeadLetterEntries" AS "d"
      WHERE "d"."TenantId" = @ef_filter__TenantId AND "d"."Status" = 'Pending'
      ORDER BY "d"."CreatedAt"
      LIMIT @p
info: Microsoft.EntityFrameworkCore.Database.Command[20101]
      Executed DbCommand (0ms) [Parameters=[@ef_filter__TenantId='?' (DbType = Guid), @p='?' (DbType = Int32)], CommandType='Text', CommandTimeout='30']
      SELECT "d"."Id", "d"."CreatedAt", "d"."ErrorMessage", "d"."FlowExecutionId", "d"."LastRetriedAt", "d"."Payload", "d"."RetryCount", "d"."Status", "d"."StepId", "d"."TenantId"
      FROM "DeadLetterEntries" AS "d"
      WHERE "d"."TenantId" = @ef_filter__TenantId AND "d"."Status" = 'Pending'
      ORDER BY "d"."CreatedAt"
      LIMIT @p
info: Microsoft.EntityFrameworkCore.Database.Command[20101]
      Executed DbCommand (0ms) [Parameters=[@ef_filter__TenantId='?' (DbType = Guid), @p='?' (DbType = Int32)], CommandType='Text', CommandTimeout='30']
      SELECT "d"."Id", "d"."CreatedAt", "d"."ErrorMessage", "d"."FlowExecutionId", "d"."LastRetriedAt", "d"."Payload", "d"."RetryCount", "d"."Status", "d"."StepId", "d"."TenantId"
      FROM "DeadLetterEntries" AS "d"
      WHERE "d"."TenantId" = @ef_filter__TenantId AND "d"."Status" = 'Pending'
      ORDER BY "d"."CreatedAt"
      LIMIT @p
info: Microsoft.EntityFrameworkCore.Database.Command[20101]
      Executed DbCommand (1ms) [Parameters=[@ef_filter__TenantId='?' (DbType = Guid), @p='?' (DbType = Int32)], CommandType='Text', CommandTimeout='30']
      SELECT "d"."Id", "d"."CreatedAt", "d"."ErrorMessage", "d"."FlowExecutionId", "d"."LastRetriedAt", "d"."Payload", "d"."RetryCount", "d"."Status", "d"."StepId", "d"."TenantId"
      FROM "DeadLetterEntries" AS "d"
      WHERE "d"."TenantId" = @ef_filter__TenantId AND "d"."Status" = 'Pending'
      ORDER BY "d"."CreatedAt"
      LIMIT @p
info: Microsoft.EntityFrameworkCore.Database.Command[20101]
      Executed DbCommand (0ms) [Parameters=[@ef_filter__TenantId='?' (DbType = Guid), @p='?' (DbType = Int32)], CommandType='Text', CommandTimeout='30']
      SELECT "d"."Id", "d"."CreatedAt", "d"."ErrorMessage", "d"."FlowExecutionId", "d"."LastRetriedAt", "d"."Payload", "d"."RetryCount", "d"."Status", "d"."StepId", "d"."TenantId"
      FROM "DeadLetterEntries" AS "d"
      WHERE "d"."TenantId" = @ef_filter__TenantId AND "d"."Status" = 'Pending'
      ORDER BY "d"."CreatedAt"
      LIMIT @p
info: Microsoft.EntityFrameworkCore.Database.Command[20101]
      Executed DbCommand (0ms) [Parameters=[@ef_filter__TenantId='?' (DbType = Guid), @p='?' (DbType = Int32)], CommandType='Text', CommandTimeout='30']
      SELECT "d"."Id", "d"."CreatedAt", "d"."ErrorMessage", "d"."FlowExecutionId", "d"."LastRetriedAt", "d"."Payload", "d"."RetryCount", "d"."Status", "d"."StepId", "d"."TenantId"
      FROM "DeadLetterEntries" AS "d"
      WHERE "d"."TenantId" = @ef_filter__TenantId AND "d"."Status" = 'Pending'
      ORDER BY "d"."CreatedAt"
      LIMIT @p
info: Microsoft.EntityFrameworkCore.Database.Command[20101]
      Executed DbCommand (0ms) [Parameters=[@ef_filter__TenantId='?' (DbType = Guid), @p='?' (DbType = Int32)], CommandType='Text', CommandTimeout='30']
      SELECT "d"."Id", "d"."CreatedAt", "d"."ErrorMessage", "d"."FlowExecutionId", "d"."LastRetriedAt", "d"."Payload", "d"."RetryCount", "d"."Status", "d"."StepId", "d"."TenantId"
      FROM "DeadLetterEntries" AS "d"
      WHERE "d"."TenantId" = @ef_filter__TenantId AND "d"."Status" = 'Pending'
      ORDER BY "d"."CreatedAt"
      LIMIT @p
info: Microsoft.EntityFrameworkCore.Database.Command[20101]
      Executed DbCommand (0ms) [Parameters=[@ef_filter__TenantId='?' (DbType = Guid), @p='?' (DbType = Int32)], CommandType='Text', CommandTimeout='30']
      SELECT "d"."Id", "d"."CreatedAt", "d"."ErrorMessage", "d"."FlowExecutionId", "d"."LastRetriedAt", "d"."Payload", "d"."RetryCount", "d"."Status", "d"."StepId", "d"."TenantId"
      FROM "DeadLetterEntries" AS "d"
      WHERE "d"."TenantId" = @ef_filter__TenantId AND "d"."Status" = 'Pending'
      ORDER BY "d"."CreatedAt"
      LIMIT @p
info: Microsoft.EntityFrameworkCore.Database.Command[20101]
      Executed DbCommand (0ms) [Parameters=[@ef_filter__TenantId='?' (DbType = Guid), @p='?' (DbType = Int32)], CommandType='Text', CommandTimeout='30']
      SELECT "d"."Id", "d"."CreatedAt", "d"."ErrorMessage", "d"."FlowExecutionId", "d"."LastRetriedAt", "d"."Payload", "d"."RetryCount", "d"."Status", "d"."StepId", "d"."TenantId"
      FROM "DeadLetterEntries" AS "d"
      WHERE "d"."TenantId" = @ef_filter__TenantId AND "d"."Status" = 'Pending'
      ORDER BY "d"."CreatedAt"
      LIMIT @p
info: Microsoft.EntityFrameworkCore.Database.Command[20101]
      Executed DbCommand (0ms) [Parameters=[@ef_filter__TenantId='?' (DbType = Guid), @p='?' (DbType = Int32)], CommandType='Text', CommandTimeout='30']
      SELECT "d"."Id", "d"."CreatedAt", "d"."ErrorMessage", "d"."FlowExecutionId", "d"."LastRetriedAt", "d"."Payload", "d"."RetryCount", "d"."Status", "d"."StepId", "d"."TenantId"
      FROM "DeadLetterEntries" AS "d"
      WHERE "d"."TenantId" = @ef_filter__TenantId AND "d"."Status" = 'Pending'
      ORDER BY "d"."CreatedAt"
      LIMIT @p
info: Microsoft.EntityFrameworkCore.Database.Command[20101]
      Executed DbCommand (0ms) [Parameters=[@ef_filter__TenantId='?' (DbType = Guid), @p='?' (DbType = Int32)], CommandType='Text', CommandTimeout='30']
      SELECT "d"."Id", "d"."CreatedAt", "d"."ErrorMessage", "d"."FlowExecutionId", "d"."LastRetriedAt", "d"."Payload", "d"."RetryCount", "d"."Status", "d"."StepId", "d"."TenantId"
      FROM "DeadLetterEntries" AS "d"
      WHERE "d"."TenantId" = @ef_filter__TenantId AND "d"."Status" = 'Pending'
      ORDER BY "d"."CreatedAt"
      LIMIT @p
info: Microsoft.EntityFrameworkCore.Database.Command[20101]
      Executed DbCommand (0ms) [Parameters=[@ef_filter__TenantId='?' (DbType = Guid), @p='?' (DbType = Int32)], CommandType='Text', CommandTimeout='30']
      SELECT "d"."Id", "d"."CreatedAt", "d"."ErrorMessage", "d"."FlowExecutionId", "d"."LastRetriedAt", "d"."Payload", "d"."RetryCount", "d"."Status", "d"."StepId", "d"."TenantId"
      FROM "DeadLetterEntries" AS "d"
      WHERE "d"."TenantId" = @ef_filter__TenantId AND "d"."Status" = 'Pending'
      ORDER BY "d"."CreatedAt"
      LIMIT @p
info: Microsoft.EntityFrameworkCore.Database.Command[20101]
      Executed DbCommand (0ms) [Parameters=[@ef_filter__TenantId='?' (DbType = Guid), @p='?' (DbType = Int32)], CommandType='Text', CommandTimeout='30']
      SELECT "d"."Id", "d"."CreatedAt", "d"."ErrorMessage", "d"."FlowExecutionId", "d"."LastRetriedAt", "d"."Payload", "d"."RetryCount", "d"."Status", "d"."StepId", "d"."TenantId"
      FROM "DeadLetterEntries" AS "d"
      WHERE "d"."TenantId" = @ef_filter__TenantId AND "d"."Status" = 'Pending'
      ORDER BY "d"."CreatedAt"
      LIMIT @p
info: Microsoft.EntityFrameworkCore.Database.Command[20101]
      Executed DbCommand (0ms) [Parameters=[@ef_filter__TenantId='?' (DbType = Guid), @p='?' (DbType = Int32)], CommandType='Text', CommandTimeout='30']
      SELECT "d"."Id", "d"."CreatedAt", "d"."ErrorMessage", "d"."FlowExecutionId", "d"."LastRetriedAt", "d"."Payload", "d"."RetryCount", "d"."Status", "d"."StepId", "d"."TenantId"
      FROM "DeadLetterEntries" AS "d"
      WHERE "d"."TenantId" = @ef_filter__TenantId AND "d"."Status" = 'Pending'
      ORDER BY "d"."CreatedAt"
      LIMIT @p
info: Microsoft.EntityFrameworkCore.Database.Command[20101]
      Executed DbCommand (0ms) [Parameters=[@ef_filter__TenantId='?' (DbType = Guid), @p='?' (DbType = Int32)], CommandType='Text', CommandTimeout='30']
      SELECT "d"."Id", "d"."CreatedAt", "d"."ErrorMessage", "d"."FlowExecutionId", "d"."LastRetriedAt", "d"."Payload", "d"."RetryCount", "d"."Status", "d"."StepId", "d"."TenantId"
      FROM "DeadLetterEntries" AS "d"
      WHERE "d"."TenantId" = @ef_filter__TenantId AND "d"."Status" = 'Pending'
      ORDER BY "d"."CreatedAt"
      LIMIT @p
info: Microsoft.EntityFrameworkCore.Database.Command[20101]
      Executed DbCommand (1ms) [Parameters=[@ef_filter__TenantId='?' (DbType = Guid), @p='?' (DbType = Int32)], CommandType='Text', CommandTimeout='30']
      SELECT "d"."Id", "d"."CreatedAt", "d"."ErrorMessage", "d"."FlowExecutionId", "d"."LastRetriedAt", "d"."Payload", "d"."RetryCount", "d"."Status", "d"."StepId", "d"."TenantId"
      FROM "DeadLetterEntries" AS "d"
      WHERE "d"."TenantId" = @ef_filter__TenantId AND "d"."Status" = 'Pending'
      ORDER BY "d"."CreatedAt"
      LIMIT @p
info: Microsoft.EntityFrameworkCore.Database.Command[20101]
      Executed DbCommand (0ms) [Parameters=[@ef_filter__TenantId='?' (DbType = Guid), @p='?' (DbType = Int32)], CommandType='Text', CommandTimeout='30']
      SELECT "d"."Id", "d"."CreatedAt", "d"."ErrorMessage", "d"."FlowExecutionId", "d"."LastRetriedAt", "d"."Payload", "d"."RetryCount", "d"."Status", "d"."StepId", "d"."TenantId"
      FROM "DeadLetterEntries" AS "d"
      WHERE "d"."TenantId" = @ef_filter__TenantId AND "d"."Status" = 'Pending'
      ORDER BY "d"."CreatedAt"
      LIMIT @p
info: Microsoft.EntityFrameworkCore.Database.Command[20101]
      Executed DbCommand (0ms) [Parameters=[@ef_filter__TenantId='?' (DbType = Guid), @p='?' (DbType = Int32)], CommandType='Text', CommandTimeout='30']
      SELECT "d"."Id", "d"."CreatedAt", "d"."ErrorMessage", "d"."FlowExecutionId", "d"."LastRetriedAt", "d"."Payload", "d"."RetryCount", "d"."Status", "d"."StepId", "d"."TenantId"
      FROM "DeadLetterEntries" AS "d"
      WHERE "d"."TenantId" = @ef_filter__TenantId AND "d"."Status" = 'Pending'
      ORDER BY "d"."CreatedAt"
      LIMIT @p
info: Microsoft.EntityFrameworkCore.Database.Command[20101]
      Executed DbCommand (1ms) [Parameters=[@ef_filter__TenantId='?' (DbType = Guid), @p='?' (DbType = Int32)], CommandType='Text', CommandTimeout='30']
      SELECT "d"."Id", "d"."CreatedAt", "d"."ErrorMessage", "d"."FlowExecutionId", "d"."LastRetriedAt", "d"."Payload", "d"."RetryCount", "d"."Status", "d"."StepId", "d"."TenantId"
      FROM "DeadLetterEntries" AS "d"
      WHERE "d"."TenantId" = @ef_filter__TenantId AND "d"."Status" = 'Pending'
      ORDER BY "d"."CreatedAt"
      LIMIT @p
info: Microsoft.EntityFrameworkCore.Database.Command[20101]
      Executed DbCommand (0ms) [Parameters=[@ef_filter__TenantId='?' (DbType = Guid), @p='?' (DbType = Int32)], CommandType='Text', CommandTimeout='30']
      SELECT "d"."Id", "d"."CreatedAt", "d"."ErrorMessage", "d"."FlowExecutionId", "d"."LastRetriedAt", "d"."Payload", "d"."RetryCount", "d"."Status", "d"."StepId", "d"."TenantId"
      FROM "DeadLetterEntries" AS "d"
      WHERE "d"."TenantId" = @ef_filter__TenantId AND "d"."Status" = 'Pending'
      ORDER BY "d"."CreatedAt"
      LIMIT @p
info: Microsoft.EntityFrameworkCore.Database.Command[20101]
      Executed DbCommand (0ms) [Parameters=[@ef_filter__TenantId='?' (DbType = Guid), @p='?' (DbType = Int32)], CommandType='Text', CommandTimeout='30']
      SELECT "d"."Id", "d"."CreatedAt", "d"."ErrorMessage", "d"."FlowExecutionId", "d"."LastRetriedAt", "d"."Payload", "d"."RetryCount", "d"."Status", "d"."StepId", "d"."TenantId"
      FROM "DeadLetterEntries" AS "d"
      WHERE "d"."TenantId" = @ef_filter__TenantId AND "d"."Status" = 'Pending'
      ORDER BY "d"."CreatedAt"
      LIMIT @p
info: Microsoft.EntityFrameworkCore.Database.Command[20101]
      Executed DbCommand (1ms) [Parameters=[@ef_filter__TenantId='?' (DbType = Guid), @p='?' (DbType = Int32)], CommandType='Text', CommandTimeout='30']
      SELECT "d"."Id", "d"."CreatedAt", "d"."ErrorMessage", "d"."FlowExecutionId", "d"."LastRetriedAt", "d"."Payload", "d"."RetryCount", "d"."Status", "d"."StepId", "d"."TenantId"
      FROM "DeadLetterEntries" AS "d"
      WHERE "d"."TenantId" = @ef_filter__TenantId AND "d"."Status" = 'Pending'
      ORDER BY "d"."CreatedAt"
      LIMIT @p
info: Microsoft.EntityFrameworkCore.Database.Command[20101]
      Executed DbCommand (0ms) [Parameters=[@ef_filter__TenantId='?' (DbType = Guid), @p='?' (DbType = Int32)], CommandType='Text', CommandTimeout='30']
      SELECT "d"."Id", "d"."CreatedAt", "d"."ErrorMessage", "d"."FlowExecutionId", "d"."LastRetriedAt", "d"."Payload", "d"."RetryCount", "d"."Status", "d"."StepId", "d"."TenantId"
      FROM "DeadLetterEntries" AS "d"
      WHERE "d"."TenantId" = @ef_filter__TenantId AND "d"."Status" = 'Pending'
      ORDER BY "d"."CreatedAt"
      LIMIT @p
info: Microsoft.EntityFrameworkCore.Database.Command[20101]
      Executed DbCommand (0ms) [Parameters=[@ef_filter__TenantId='?' (DbType = Guid), @p='?' (DbType = Int32)], CommandType='Text', CommandTimeout='30']
      SELECT "d"."Id", "d"."CreatedAt", "d"."ErrorMessage", "d"."FlowExecutionId", "d"."LastRetriedAt", "d"."Payload", "d"."RetryCount", "d"."Status", "d"."StepId", "d"."TenantId"
      FROM "DeadLetterEntries" AS "d"
      WHERE "d"."TenantId" = @ef_filter__TenantId AND "d"."Status" = 'Pending'
      ORDER BY "d"."CreatedAt"
      LIMIT @p
info: Microsoft.EntityFrameworkCore.Database.Command[20101]
      Executed DbCommand (0ms) [Parameters=[@ef_filter__TenantId='?' (DbType = Guid), @p='?' (DbType = Int32)], CommandType='Text', CommandTimeout='30']
      SELECT "d"."Id", "d"."CreatedAt", "d"."ErrorMessage", "d"."FlowExecutionId", "d"."LastRetriedAt", "d"."Payload", "d"."RetryCount", "d"."Status", "d"."StepId", "d"."TenantId"
      FROM "DeadLetterEntries" AS "d"
      WHERE "d"."TenantId" = @ef_filter__TenantId AND "d"."Status" = 'Pending'
      ORDER BY "d"."CreatedAt"
      LIMIT @p
info: Microsoft.EntityFrameworkCore.Database.Command[20101]
      Executed DbCommand (0ms) [Parameters=[@ef_filter__TenantId='?' (DbType = Guid), @p='?' (DbType = Int32)], CommandType='Text', CommandTimeout='30']
      SELECT "d"."Id", "d"."CreatedAt", "d"."ErrorMessage", "d"."FlowExecutionId", "d"."LastRetriedAt", "d"."Payload", "d"."RetryCount", "d"."Status", "d"."StepId", "d"."TenantId"
      FROM "DeadLetterEntries" AS "d"
      WHERE "d"."TenantId" = @ef_filter__TenantId AND "d"."Status" = 'Pending'
      ORDER BY "d"."CreatedAt"
      LIMIT @p
info: Microsoft.EntityFrameworkCore.Database.Command[20101]
      Executed DbCommand (1ms) [Parameters=[@ef_filter__TenantId='?' (DbType = Guid), @p='?' (DbType = Int32)], CommandType='Text', CommandTimeout='30']
      SELECT "d"."Id", "d"."CreatedAt", "d"."ErrorMessage", "d"."FlowExecutionId", "d"."LastRetriedAt", "d"."Payload", "d"."RetryCount", "d"."Status", "d"."StepId", "d"."TenantId"
      FROM "DeadLetterEntries" AS "d"
      WHERE "d"."TenantId" = @ef_filter__TenantId AND "d"."Status" = 'Pending'
      ORDER BY "d"."CreatedAt"
      LIMIT @p
info: Microsoft.EntityFrameworkCore.Database.Command[20101]
      Executed DbCommand (0ms) [Parameters=[@ef_filter__TenantId='?' (DbType = Guid), @p='?' (DbType = Int32)], CommandType='Text', CommandTimeout='30']
      SELECT "d"."Id", "d"."CreatedAt", "d"."ErrorMessage", "d"."FlowExecutionId", "d"."LastRetriedAt", "d"."Payload", "d"."RetryCount", "d"."Status", "d"."StepId", "d"."TenantId"
      FROM "DeadLetterEntries" AS "d"
      WHERE "d"."TenantId" = @ef_filter__TenantId AND "d"."Status" = 'Pending'
      ORDER BY "d"."CreatedAt"
      LIMIT @p
info: Microsoft.EntityFrameworkCore.Database.Command[20101]
      Executed DbCommand (0ms) [Parameters=[@ef_filter__TenantId='?' (DbType = Guid), @p='?' (DbType = Int32)], CommandType='Text', CommandTimeout='30']
      SELECT "d"."Id", "d"."CreatedAt", "d"."ErrorMessage", "d"."FlowExecutionId", "d"."LastRetriedAt", "d"."Payload", "d"."RetryCount", "d"."Status", "d"."StepId", "d"."TenantId"
      FROM "DeadLetterEntries" AS "d"
      WHERE "d"."TenantId" = @ef_filter__TenantId AND "d"."Status" = 'Pending'
      ORDER BY "d"."CreatedAt"
      LIMIT @p
info: Microsoft.EntityFrameworkCore.Database.Command[20101]
      Executed DbCommand (0ms) [Parameters=[@ef_filter__TenantId='?' (DbType = Guid), @p='?' (DbType = Int32)], CommandType='Text', CommandTimeout='30']
      SELECT "d"."Id", "d"."CreatedAt", "d"."ErrorMessage", "d"."FlowExecutionId", "d"."LastRetriedAt", "d"."Payload", "d"."RetryCount", "d"."Status", "d"."StepId", "d"."TenantId"
      FROM "DeadLetterEntries" AS "d"
      WHERE "d"."TenantId" = @ef_filter__TenantId AND "d"."Status" = 'Pending'
      ORDER BY "d"."CreatedAt"
      LIMIT @p
info: Microsoft.EntityFrameworkCore.Database.Command[20101]
      Executed DbCommand (0ms) [Parameters=[@ef_filter__TenantId='?' (DbType = Guid), @p='?' (DbType = Int32)], CommandType='Text', CommandTimeout='30']
      SELECT "d"."Id", "d"."CreatedAt", "d"."ErrorMessage", "d"."FlowExecutionId", "d"."LastRetriedAt", "d"."Payload", "d"."RetryCount", "d"."Status", "d"."StepId", "d"."TenantId"
      FROM "DeadLetterEntries" AS "d"
      WHERE "d"."TenantId" = @ef_filter__TenantId AND "d"."Status" = 'Pending'
      ORDER BY "d"."CreatedAt"
      LIMIT @p
info: Microsoft.EntityFrameworkCore.Database.Command[20101]
      Executed DbCommand (0ms) [Parameters=[@ef_filter__TenantId='?' (DbType = Guid), @p='?' (DbType = Int32)], CommandType='Text', CommandTimeout='30']
      SELECT "d"."Id", "d"."CreatedAt", "d"."ErrorMessage", "d"."FlowExecutionId", "d"."LastRetriedAt", "d"."Payload", "d"."RetryCount", "d"."Status", "d"."StepId", "d"."TenantId"
      FROM "DeadLetterEntries" AS "d"
      WHERE "d"."TenantId" = @ef_filter__TenantId AND "d"."Status" = 'Pending'
      ORDER BY "d"."CreatedAt"
      LIMIT @p
info: Microsoft.EntityFrameworkCore.Database.Command[20101]
      Executed DbCommand (0ms) [Parameters=[@ef_filter__TenantId='?' (DbType = Guid), @p='?' (DbType = Int32)], CommandType='Text', CommandTimeout='30']
      SELECT "d"."Id", "d"."CreatedAt", "d"."ErrorMessage", "d"."FlowExecutionId", "d"."LastRetriedAt", "d"."Payload", "d"."RetryCount", "d"."Status", "d"."StepId", "d"."TenantId"
      FROM "DeadLetterEntries" AS "d"
      WHERE "d"."TenantId" = @ef_filter__TenantId AND "d"."Status" = 'Pending'
      ORDER BY "d"."CreatedAt"
      LIMIT @p
info: Microsoft.EntityFrameworkCore.Database.Command[20101]
      Executed DbCommand (0ms) [Parameters=[@ef_filter__TenantId='?' (DbType = Guid), @p='?' (DbType = Int32)], CommandType='Text', CommandTimeout='30']
      SELECT "d"."Id", "d"."CreatedAt", "d"."ErrorMessage", "d"."FlowExecutionId", "d"."LastRetriedAt", "d"."Payload", "d"."RetryCount", "d"."Status", "d"."StepId", "d"."TenantId"
      FROM "DeadLetterEntries" AS "d"
      WHERE "d"."TenantId" = @ef_filter__TenantId AND "d"."Status" = 'Pending'
      ORDER BY "d"."CreatedAt"
      LIMIT @p
info: Microsoft.EntityFrameworkCore.Database.Command[20101]
      Executed DbCommand (1ms) [Parameters=[@ef_filter__TenantId='?' (DbType = Guid), @p='?' (DbType = Int32)], CommandType='Text', CommandTimeout='30']
      SELECT "d"."Id", "d"."CreatedAt", "d"."ErrorMessage", "d"."FlowExecutionId", "d"."LastRetriedAt", "d"."Payload", "d"."RetryCount", "d"."Status", "d"."StepId", "d"."TenantId"
      FROM "DeadLetterEntries" AS "d"
      WHERE "d"."TenantId" = @ef_filter__TenantId AND "d"."Status" = 'Pending'
      ORDER BY "d"."CreatedAt"
      LIMIT @p
info: Microsoft.EntityFrameworkCore.Database.Command[20101]
      Executed DbCommand (0ms) [Parameters=[@ef_filter__TenantId='?' (DbType = Guid), @p='?' (DbType = Int32)], CommandType='Text', CommandTimeout='30']
      SELECT "d"."Id", "d"."CreatedAt", "d"."ErrorMessage", "d"."FlowExecutionId", "d"."LastRetriedAt", "d"."Payload", "d"."RetryCount", "d"."Status", "d"."StepId", "d"."TenantId"
      FROM "DeadLetterEntries" AS "d"
      WHERE "d"."TenantId" = @ef_filter__TenantId AND "d"."Status" = 'Pending'
      ORDER BY "d"."CreatedAt"
      LIMIT @p
info: Microsoft.EntityFrameworkCore.Database.Command[20101]
      Executed DbCommand (1ms) [Parameters=[@ef_filter__TenantId='?' (DbType = Guid), @p='?' (DbType = Int32)], CommandType='Text', CommandTimeout='30']
      SELECT "d"."Id", "d"."CreatedAt", "d"."ErrorMessage", "d"."FlowExecutionId", "d"."LastRetriedAt", "d"."Payload", "d"."RetryCount", "d"."Status", "d"."StepId", "d"."TenantId"
      FROM "DeadLetterEntries" AS "d"
      WHERE "d"."TenantId" = @ef_filter__TenantId AND "d"."Status" = 'Pending'
      ORDER BY "d"."CreatedAt"
      LIMIT @p
info: Microsoft.EntityFrameworkCore.Database.Command[20101]
      Executed DbCommand (1ms) [Parameters=[@ef_filter__TenantId='?' (DbType = Guid), @p='?' (DbType = Int32)], CommandType='Text', CommandTimeout='30']
      SELECT "d"."Id", "d"."CreatedAt", "d"."ErrorMessage", "d"."FlowExecutionId", "d"."LastRetriedAt", "d"."Payload", "d"."RetryCount", "d"."Status", "d"."StepId", "d"."TenantId"
      FROM "DeadLetterEntries" AS "d"
      WHERE "d"."TenantId" = @ef_filter__TenantId AND "d"."Status" = 'Pending'
      ORDER BY "d"."CreatedAt"
      LIMIT @p
info: Microsoft.EntityFrameworkCore.Database.Command[20101]
      Executed DbCommand (0ms) [Parameters=[@ef_filter__TenantId='?' (DbType = Guid), @p='?' (DbType = Int32)], CommandType='Text', CommandTimeout='30']
      SELECT "d"."Id", "d"."CreatedAt", "d"."ErrorMessage", "d"."FlowExecutionId", "d"."LastRetriedAt", "d"."Payload", "d"."RetryCount", "d"."Status", "d"."StepId", "d"."TenantId"
      FROM "DeadLetterEntries" AS "d"
      WHERE "d"."TenantId" = @ef_filter__TenantId AND "d"."Status" = 'Pending'
      ORDER BY "d"."CreatedAt"
      LIMIT @p
info: Microsoft.EntityFrameworkCore.Database.Command[20101]
      Executed DbCommand (0ms) [Parameters=[@ef_filter__TenantId='?' (DbType = Guid), @p='?' (DbType = Int32)], CommandType='Text', CommandTimeout='30']
      SELECT "d"."Id", "d"."CreatedAt", "d"."ErrorMessage", "d"."FlowExecutionId", "d"."LastRetriedAt", "d"."Payload", "d"."RetryCount", "d"."Status", "d"."StepId", "d"."TenantId"
      FROM "DeadLetterEntries" AS "d"
      WHERE "d"."TenantId" = @ef_filter__TenantId AND "d"."Status" = 'Pending'
      ORDER BY "d"."CreatedAt"
      LIMIT @p
info: Microsoft.EntityFrameworkCore.Database.Command[20101]
      Executed DbCommand (1ms) [Parameters=[@ef_filter__TenantId='?' (DbType = Guid), @p='?' (DbType = Int32)], CommandType='Text', CommandTimeout='30']
      SELECT "d"."Id", "d"."CreatedAt", "d"."ErrorMessage", "d"."FlowExecutionId", "d"."LastRetriedAt", "d"."Payload", "d"."RetryCount", "d"."Status", "d"."StepId", "d"."TenantId"
      FROM "DeadLetterEntries" AS "d"
      WHERE "d"."TenantId" = @ef_filter__TenantId AND "d"."Status" = 'Pending'
      ORDER BY "d"."CreatedAt"
      LIMIT @p
info: Microsoft.EntityFrameworkCore.Database.Command[20101]
      Executed DbCommand (1ms) [Parameters=[@ef_filter__TenantId='?' (DbType = Guid), @p='?' (DbType = Int32)], CommandType='Text', CommandTimeout='30']
      SELECT "d"."Id", "d"."CreatedAt", "d"."ErrorMessage", "d"."FlowExecutionId", "d"."LastRetriedAt", "d"."Payload", "d"."RetryCount", "d"."Status", "d"."StepId", "d"."TenantId"
      FROM "DeadLetterEntries" AS "d"
      WHERE "d"."TenantId" = @ef_filter__TenantId AND "d"."Status" = 'Pending'
      ORDER BY "d"."CreatedAt"
      LIMIT @p
info: Microsoft.EntityFrameworkCore.Database.Command[20101]
      Executed DbCommand (0ms) [Parameters=[@ef_filter__TenantId='?' (DbType = Guid), @p='?' (DbType = Int32)], CommandType='Text', CommandTimeout='30']
      SELECT "d"."Id", "d"."CreatedAt", "d"."ErrorMessage", "d"."FlowExecutionId", "d"."LastRetriedAt", "d"."Payload", "d"."RetryCount", "d"."Status", "d"."StepId", "d"."TenantId"
      FROM "DeadLetterEntries" AS "d"
      WHERE "d"."TenantId" = @ef_filter__TenantId AND "d"."Status" = 'Pending'
      ORDER BY "d"."CreatedAt"
      LIMIT @p
info: Microsoft.EntityFrameworkCore.Database.Command[20101]
      Executed DbCommand (1ms) [Parameters=[@ef_filter__TenantId='?' (DbType = Guid), @p='?' (DbType = Int32)], CommandType='Text', CommandTimeout='30']
      SELECT "d"."Id", "d"."CreatedAt", "d"."ErrorMessage", "d"."FlowExecutionId", "d"."LastRetriedAt", "d"."Payload", "d"."RetryCount", "d"."Status", "d"."StepId", "d"."TenantId"
      FROM "DeadLetterEntries" AS "d"
      WHERE "d"."TenantId" = @ef_filter__TenantId AND "d"."Status" = 'Pending'
      ORDER BY "d"."CreatedAt"
      LIMIT @p
info: Microsoft.EntityFrameworkCore.Database.Command[20101]
      Executed DbCommand (1ms) [Parameters=[@ef_filter__TenantId='?' (DbType = Guid), @p='?' (DbType = Int32)], CommandType='Text', CommandTimeout='30']
      SELECT "d"."Id", "d"."CreatedAt", "d"."ErrorMessage", "d"."FlowExecutionId", "d"."LastRetriedAt", "d"."Payload", "d"."RetryCount", "d"."Status", "d"."StepId", "d"."TenantId"
      FROM "DeadLetterEntries" AS "d"
      WHERE "d"."TenantId" = @ef_filter__TenantId AND "d"."Status" = 'Pending'
      ORDER BY "d"."CreatedAt"
      LIMIT @p
info: Microsoft.EntityFrameworkCore.Database.Command[20101]
      Executed DbCommand (1ms) [Parameters=[@ef_filter__TenantId='?' (DbType = Guid), @p='?' (DbType = Int32)], CommandType='Text', CommandTimeout='30']
      SELECT "d"."Id", "d"."CreatedAt", "d"."ErrorMessage", "d"."FlowExecutionId", "d"."LastRetriedAt", "d"."Payload", "d"."RetryCount", "d"."Status", "d"."StepId", "d"."TenantId"
      FROM "DeadLetterEntries" AS "d"
      WHERE "d"."TenantId" = @ef_filter__TenantId AND "d"."Status" = 'Pending'
      ORDER BY "d"."CreatedAt"
      LIMIT @p
info: Microsoft.EntityFrameworkCore.Database.Command[20101]
      Executed DbCommand (1ms) [Parameters=[@ef_filter__TenantId='?' (DbType = Guid), @p='?' (DbType = Int32)], CommandType='Text', CommandTimeout='30']
      SELECT "d"."Id", "d"."CreatedAt", "d"."ErrorMessage", "d"."FlowExecutionId", "d"."LastRetriedAt", "d"."Payload", "d"."RetryCount", "d"."Status", "d"."StepId", "d"."TenantId"
      FROM "DeadLetterEntries" AS "d"
      WHERE "d"."TenantId" = @ef_filter__TenantId AND "d"."Status" = 'Pending'
      ORDER BY "d"."CreatedAt"
      LIMIT @p
info: Microsoft.EntityFrameworkCore.Database.Command[20101]
      Executed DbCommand (2ms) [Parameters=[@ef_filter__TenantId='?' (DbType = Guid), @p='?' (DbType = Int32)], CommandType='Text', CommandTimeout='30']
      SELECT "d"."Id", "d"."CreatedAt", "d"."ErrorMessage", "d"."FlowExecutionId", "d"."LastRetriedAt", "d"."Payload", "d"."RetryCount", "d"."Status", "d"."StepId", "d"."TenantId"
      FROM "DeadLetterEntries" AS "d"
      WHERE "d"."TenantId" = @ef_filter__TenantId AND "d"."Status" = 'Pending'
      ORDER BY "d"."CreatedAt"
      LIMIT @p
info: Microsoft.EntityFrameworkCore.Database.Command[20101]
      Executed DbCommand (0ms) [Parameters=[@ef_filter__TenantId='?' (DbType = Guid), @p='?' (DbType = Int32)], CommandType='Text', CommandTimeout='30']
      SELECT "d"."Id", "d"."CreatedAt", "d"."ErrorMessage", "d"."FlowExecutionId", "d"."LastRetriedAt", "d"."Payload", "d"."RetryCount", "d"."Status", "d"."StepId", "d"."TenantId"
      FROM "DeadLetterEntries" AS "d"
      WHERE "d"."TenantId" = @ef_filter__TenantId AND "d"."Status" = 'Pending'
      ORDER BY "d"."CreatedAt"
      LIMIT @p
info: Microsoft.EntityFrameworkCore.Database.Command[20101]
      Executed DbCommand (0ms) [Parameters=[@ef_filter__TenantId='?' (DbType = Guid), @p='?' (DbType = Int32)], CommandType='Text', CommandTimeout='30']
      SELECT "d"."Id", "d"."CreatedAt", "d"."ErrorMessage", "d"."FlowExecutionId", "d"."LastRetriedAt", "d"."Payload", "d"."RetryCount", "d"."Status", "d"."StepId", "d"."TenantId"
      FROM "DeadLetterEntries" AS "d"
      WHERE "d"."TenantId" = @ef_filter__TenantId AND "d"."Status" = 'Pending'
      ORDER BY "d"."CreatedAt"
      LIMIT @p
info: Microsoft.EntityFrameworkCore.Database.Command[20101]
      Executed DbCommand (0ms) [Parameters=[@ef_filter__TenantId='?' (DbType = Guid), @p='?' (DbType = Int32)], CommandType='Text', CommandTimeout='30']
      SELECT "d"."Id", "d"."CreatedAt", "d"."ErrorMessage", "d"."FlowExecutionId", "d"."LastRetriedAt", "d"."Payload", "d"."RetryCount", "d"."Status", "d"."StepId", "d"."TenantId"
      FROM "DeadLetterEntries" AS "d"
      WHERE "d"."TenantId" = @ef_filter__TenantId AND "d"."Status" = 'Pending'
      ORDER BY "d"."CreatedAt"
      LIMIT @p
info: Microsoft.EntityFrameworkCore.Database.Command[20101]
      Executed DbCommand (1ms) [Parameters=[@ef_filter__TenantId='?' (DbType = Guid), @p='?' (DbType = Int32)], CommandType='Text', CommandTimeout='30']
      SELECT "d"."Id", "d"."CreatedAt", "d"."ErrorMessage", "d"."FlowExecutionId", "d"."LastRetriedAt", "d"."Payload", "d"."RetryCount", "d"."Status", "d"."StepId", "d"."TenantId"
      FROM "DeadLetterEntries" AS "d"
      WHERE "d"."TenantId" = @ef_filter__TenantId AND "d"."Status" = 'Pending'
      ORDER BY "d"."CreatedAt"
      LIMIT @p
info: Microsoft.EntityFrameworkCore.Database.Command[20101]
      Executed DbCommand (6ms) [Parameters=[@ef_filter__TenantId='?' (DbType = Guid)], CommandType='Text', CommandTimeout='30']
      SELECT "i"."Id", "i"."CreatedAt", "i"."Description", "i"."Name", "i"."TenantId", "i"."UpdatedAt", "s"."Id", "s"."CreatedAt", "s"."CronExpression", "s"."Description", "s"."IntegrationId", "s"."Name", "s"."PersistedStateJson", "s"."Status", "s"."TenantId", "s"."TriggerType", "s"."UpdatedAt", "s"."WebhookSecret", "s"."Id0", "s"."AuthPassword", "s"."AuthToken", "s"."AuthType", "s"."AuthUsername", "s"."ConnectionId", "s"."EndpointUrl", "s"."FlowId", "s"."HttpMethod", "s"."MappingCode", "s"."NodeName", "s"."PositionX", "s"."PositionY", "s"."PostFlightCode", "s"."PreFlightCode", "s"."StepConfig", "s"."StepType", "s"."TenantId0", "s"."UrlCode", "s"."UrlMode", "s"."Id1", "s"."Condition", "s"."FlowId0", "s"."Order", "s"."SourceNodeId", "s"."SourcePortId", "s"."TargetNodeId", "s"."TargetPortId", "s"."TenantId1"
      FROM "Integrations" AS "i"
      LEFT JOIN (
          SELECT "i0"."Id", "i0"."CreatedAt", "i0"."CronExpression", "i0"."Description", "i0"."IntegrationId", "i0"."Name", "i0"."PersistedStateJson", "i0"."Status", "i0"."TenantId", "i0"."TriggerType", "i0"."UpdatedAt", "i0"."WebhookSecret", "i3"."Id" AS "Id0", "i3"."AuthPassword", "i3"."AuthToken", "i3"."AuthType", "i3"."AuthUsername", "i3"."ConnectionId", "i3"."EndpointUrl", "i3"."FlowId", "i3"."HttpMethod", "i3"."MappingCode", "i3"."NodeName", "i3"."PositionX", "i3"."PositionY", "i3"."PostFlightCode", "i3"."PreFlightCode", "i3"."StepConfig", "i3"."StepType", "i3"."TenantId" AS "TenantId0", "i3"."UrlCode", "i3"."UrlMode", "i4"."Id" AS "Id1", "i4"."Condition", "i4"."FlowId" AS "FlowId0", "i4"."Order", "i4"."SourceNodeId", "i4"."SourcePortId", "i4"."TargetNodeId", "i4"."TargetPortId", "i4"."TenantId" AS "TenantId1"
          FROM "IntegrationFlows" AS "i0"
          LEFT JOIN (
              SELECT "i1"."Id", "i1"."AuthPassword", "i1"."AuthToken", "i1"."AuthType", "i1"."AuthUsername", "i1"."ConnectionId", "i1"."EndpointUrl", "i1"."FlowId", "i1"."HttpMethod", "i1"."MappingCode", "i1"."NodeName", "i1"."PositionX", "i1"."PositionY", "i1"."PostFlightCode", "i1"."PreFlightCode", "i1"."StepConfig", "i1"."StepType", "i1"."TenantId", "i1"."UrlCode", "i1"."UrlMode"
              FROM "IntegrationSteps" AS "i1"
              WHERE "i1"."TenantId" = @ef_filter__TenantId
          ) AS "i3" ON "i0"."Id" = "i3"."FlowId"
          LEFT JOIN (
              SELECT "i2"."Id", "i2"."Condition", "i2"."FlowId", "i2"."Order", "i2"."SourceNodeId", "i2"."SourcePortId", "i2"."TargetNodeId", "i2"."TargetPortId", "i2"."TenantId"
              FROM "IntegrationEdges" AS "i2"
              WHERE "i2"."TenantId" = @ef_filter__TenantId
          ) AS "i4" ON "i0"."Id" = "i4"."FlowId"
          WHERE "i0"."TenantId" = @ef_filter__TenantId
      ) AS "s" ON "i"."Id" = "s"."IntegrationId"
      WHERE "i"."TenantId" = @ef_filter__TenantId
      ORDER BY "i"."Name", "i"."Id", "s"."UpdatedAt" DESC, "s"."Id", "s"."Id0"
info: Microsoft.EntityFrameworkCore.Database.Command[20101]
      Executed DbCommand (2ms) [Parameters=[@ef_filter__TenantId='?' (DbType = Guid)], CommandType='Text', CommandTimeout='30']
      SELECT "i"."Id", "i"."CreatedAt", "i"."CronExpression", "i"."Description", "i"."IntegrationId", "i"."Name", "i"."PersistedStateJson", "i"."Status", "i"."TenantId", "i"."TriggerType", "i"."UpdatedAt", "i"."WebhookSecret", "i2"."Id", "i2"."AuthPassword", "i2"."AuthToken", "i2"."AuthType", "i2"."AuthUsername", "i2"."ConnectionId", "i2"."EndpointUrl", "i2"."FlowId", "i2"."HttpMethod", "i2"."MappingCode", "i2"."NodeName", "i2"."PositionX", "i2"."PositionY", "i2"."PostFlightCode", "i2"."PreFlightCode", "i2"."StepConfig", "i2"."StepType", "i2"."TenantId", "i2"."UrlCode", "i2"."UrlMode", "i3"."Id", "i3"."Condition", "i3"."FlowId", "i3"."Order", "i3"."SourceNodeId", "i3"."SourcePortId", "i3"."TargetNodeId", "i3"."TargetPortId", "i3"."TenantId"
      FROM "IntegrationFlows" AS "i"
      LEFT JOIN (
          SELECT "i0"."Id", "i0"."AuthPassword", "i0"."AuthToken", "i0"."AuthType", "i0"."AuthUsername", "i0"."ConnectionId", "i0"."EndpointUrl", "i0"."FlowId", "i0"."HttpMethod", "i0"."MappingCode", "i0"."NodeName", "i0"."PositionX", "i0"."PositionY", "i0"."PostFlightCode", "i0"."PreFlightCode", "i0"."StepConfig", "i0"."StepType", "i0"."TenantId", "i0"."UrlCode", "i0"."UrlMode"
          FROM "IntegrationSteps" AS "i0"
          WHERE "i0"."TenantId" = @ef_filter__TenantId
      ) AS "i2" ON "i"."Id" = "i2"."FlowId"
      LEFT JOIN (
          SELECT "i1"."Id", "i1"."Condition", "i1"."FlowId", "i1"."Order", "i1"."SourceNodeId", "i1"."SourcePortId", "i1"."TargetNodeId", "i1"."TargetPortId", "i1"."TenantId"
          FROM "IntegrationEdges" AS "i1"
          WHERE "i1"."TenantId" = @ef_filter__TenantId
      ) AS "i3" ON "i"."Id" = "i3"."FlowId"
      WHERE "i"."TenantId" = @ef_filter__TenantId
      ORDER BY "i"."UpdatedAt" DESC, "i"."Id", "i2"."Id"
info: Microsoft.EntityFrameworkCore.Database.Command[20101]
      Executed DbCommand (1ms) [Parameters=[@ef_filter__TenantId='?' (DbType = Guid), @p='?' (DbType = Int32)], CommandType='Text', CommandTimeout='30']
      SELECT "d"."Id", "d"."CreatedAt", "d"."ErrorMessage", "d"."FlowExecutionId", "d"."LastRetriedAt", "d"."Payload", "d"."RetryCount", "d"."Status", "d"."StepId", "d"."TenantId"
      FROM "DeadLetterEntries" AS "d"
      WHERE "d"."TenantId" = @ef_filter__TenantId AND "d"."Status" = 'Pending'
      ORDER BY "d"."CreatedAt"
      LIMIT @p
info: Microsoft.EntityFrameworkCore.Database.Command[20101]
      Executed DbCommand (3ms) [Parameters=[@ef_filter__TenantId='?' (DbType = Guid)], CommandType='Text', CommandTimeout='30']
      SELECT "i"."Id", "i"."CreatedAt", "i"."Description", "i"."Name", "i"."TenantId", "i"."UpdatedAt", "s"."Id", "s"."CreatedAt", "s"."CronExpression", "s"."Description", "s"."IntegrationId", "s"."Name", "s"."PersistedStateJson", "s"."Status", "s"."TenantId", "s"."TriggerType", "s"."UpdatedAt", "s"."WebhookSecret", "s"."Id0", "s"."AuthPassword", "s"."AuthToken", "s"."AuthType", "s"."AuthUsername", "s"."ConnectionId", "s"."EndpointUrl", "s"."FlowId", "s"."HttpMethod", "s"."MappingCode", "s"."NodeName", "s"."PositionX", "s"."PositionY", "s"."PostFlightCode", "s"."PreFlightCode", "s"."StepConfig", "s"."StepType", "s"."TenantId0", "s"."UrlCode", "s"."UrlMode", "s"."Id1", "s"."Condition", "s"."FlowId0", "s"."Order", "s"."SourceNodeId", "s"."SourcePortId", "s"."TargetNodeId", "s"."TargetPortId", "s"."TenantId1"
      FROM "Integrations" AS "i"
      LEFT JOIN (
          SELECT "i0"."Id", "i0"."CreatedAt", "i0"."CronExpression", "i0"."Description", "i0"."IntegrationId", "i0"."Name", "i0"."PersistedStateJson", "i0"."Status", "i0"."TenantId", "i0"."TriggerType", "i0"."UpdatedAt", "i0"."WebhookSecret", "i3"."Id" AS "Id0", "i3"."AuthPassword", "i3"."AuthToken", "i3"."AuthType", "i3"."AuthUsername", "i3"."ConnectionId", "i3"."EndpointUrl", "i3"."FlowId", "i3"."HttpMethod", "i3"."MappingCode", "i3"."NodeName", "i3"."PositionX", "i3"."PositionY", "i3"."PostFlightCode", "i3"."PreFlightCode", "i3"."StepConfig", "i3"."StepType", "i3"."TenantId" AS "TenantId0", "i3"."UrlCode", "i3"."UrlMode", "i4"."Id" AS "Id1", "i4"."Condition", "i4"."FlowId" AS "FlowId0", "i4"."Order", "i4"."SourceNodeId", "i4"."SourcePortId", "i4"."TargetNodeId", "i4"."TargetPortId", "i4"."TenantId" AS "TenantId1"
          FROM "IntegrationFlows" AS "i0"
          LEFT JOIN (
              SELECT "i1"."Id", "i1"."AuthPassword", "i1"."AuthToken", "i1"."AuthType", "i1"."AuthUsername", "i1"."ConnectionId", "i1"."EndpointUrl", "i1"."FlowId", "i1"."HttpMethod", "i1"."MappingCode", "i1"."NodeName", "i1"."PositionX", "i1"."PositionY", "i1"."PostFlightCode", "i1"."PreFlightCode", "i1"."StepConfig", "i1"."StepType", "i1"."TenantId", "i1"."UrlCode", "i1"."UrlMode"
              FROM "IntegrationSteps" AS "i1"
              WHERE "i1"."TenantId" = @ef_filter__TenantId
          ) AS "i3" ON "i0"."Id" = "i3"."FlowId"
          LEFT JOIN (
              SELECT "i2"."Id", "i2"."Condition", "i2"."FlowId", "i2"."Order", "i2"."SourceNodeId", "i2"."SourcePortId", "i2"."TargetNodeId", "i2"."TargetPortId", "i2"."TenantId"
              FROM "IntegrationEdges" AS "i2"
              WHERE "i2"."TenantId" = @ef_filter__TenantId
          ) AS "i4" ON "i0"."Id" = "i4"."FlowId"
          WHERE "i0"."TenantId" = @ef_filter__TenantId
      ) AS "s" ON "i"."Id" = "s"."IntegrationId"
      WHERE "i"."TenantId" = @ef_filter__TenantId
      ORDER BY "i"."Name", "i"."Id", "s"."UpdatedAt" DESC, "s"."Id", "s"."Id0"
info: Microsoft.EntityFrameworkCore.Database.Command[20101]
      Executed DbCommand (0ms) [Parameters=[@ef_filter__TenantId='?' (DbType = Guid)], CommandType='Text', CommandTimeout='30']
      SELECT "c"."Id", "c"."AuthConfigJson", "c"."AuthType", "c"."BaseUrl", "c"."CreatedAt", "c"."Name", "c"."Status", "c"."TenantId", "c"."UpdatedAt"
      FROM "Connections" AS "c"
      WHERE "c"."TenantId" = @ef_filter__TenantId
info: Microsoft.EntityFrameworkCore.Database.Command[20101]
      Executed DbCommand (1ms) [Parameters=[@p0='?' (DbType = Guid), @p1='?' (DbType = DateTime), @p2='?', @p3='?', @p4='?' (DbType = Guid), @p5='?' (Size = 8), @p6='?' (Size = 2), @p7='?' (DbType = Int32), @p8='?' (DbType = Guid), @p9='?' (DbType = Int32), @p10='?' (DbType = DateTime), @p11='?'], CommandType='Text', CommandTimeout='30']
      INSERT INTO "IntegrationFlows" ("Id", "CreatedAt", "CronExpression", "Description", "IntegrationId", "Name", "PersistedStateJson", "Status", "TenantId", "TriggerType", "UpdatedAt", "WebhookSecret")
      VALUES (@p0, @p1, @p2, @p3, @p4, @p5, @p6, @p7, @p8, @p9, @p10, @p11);
info: Microsoft.EntityFrameworkCore.Database.Command[20101]
      Executed DbCommand (6ms) [Parameters=[@p0='?' (DbType = Guid), @p1='?', @p2='?', @p3='?' (DbType = Int32), @p4='?', @p5='?' (DbType = Guid), @p6='?', @p7='?' (DbType = Guid), @p8='?' (Size = 3), @p9='?', @p10='?', @p11='?' (DbType = Double), @p12='?' (DbType = Double), @p13='?', @p14='?', @p15='?', @p16='?' (DbType = Int32), @p17='?' (DbType = Guid), @p18='?', @p19='?' (DbType = Int32)], CommandType='Text', CommandTimeout='30']
      INSERT INTO "IntegrationSteps" ("Id", "AuthPassword", "AuthToken", "AuthType", "AuthUsername", "ConnectionId", "EndpointUrl", "FlowId", "HttpMethod", "MappingCode", "NodeName", "PositionX", "PositionY", "PostFlightCode", "PreFlightCode", "StepConfig", "StepType", "TenantId", "UrlCode", "UrlMode")
      VALUES (@p0, @p1, @p2, @p3, @p4, @p5, @p6, @p7, @p8, @p9, @p10, @p11, @p12, @p13, @p14, @p15, @p16, @p17, @p18, @p19);
info: Microsoft.EntityFrameworkCore.Database.Command[20101]
      Executed DbCommand (1ms) [Parameters=[@ef_filter__TenantId='?' (DbType = Guid)], CommandType='Text', CommandTimeout='30']
      SELECT "i"."Id", "i"."CreatedAt", "i"."Description", "i"."Name", "i"."TenantId", "i"."UpdatedAt", "s"."Id", "s"."CreatedAt", "s"."CronExpression", "s"."Description", "s"."IntegrationId", "s"."Name", "s"."PersistedStateJson", "s"."Status", "s"."TenantId", "s"."TriggerType", "s"."UpdatedAt", "s"."WebhookSecret", "s"."Id0", "s"."AuthPassword", "s"."AuthToken", "s"."AuthType", "s"."AuthUsername", "s"."ConnectionId", "s"."EndpointUrl", "s"."FlowId", "s"."HttpMethod", "s"."MappingCode", "s"."NodeName", "s"."PositionX", "s"."PositionY", "s"."PostFlightCode", "s"."PreFlightCode", "s"."StepConfig", "s"."StepType", "s"."TenantId0", "s"."UrlCode", "s"."UrlMode", "s"."Id1", "s"."Condition", "s"."FlowId0", "s"."Order", "s"."SourceNodeId", "s"."SourcePortId", "s"."TargetNodeId", "s"."TargetPortId", "s"."TenantId1"
      FROM "Integrations" AS "i"
      LEFT JOIN (
          SELECT "i0"."Id", "i0"."CreatedAt", "i0"."CronExpression", "i0"."Description", "i0"."IntegrationId", "i0"."Name", "i0"."PersistedStateJson", "i0"."Status", "i0"."TenantId", "i0"."TriggerType", "i0"."UpdatedAt", "i0"."WebhookSecret", "i3"."Id" AS "Id0", "i3"."AuthPassword", "i3"."AuthToken", "i3"."AuthType", "i3"."AuthUsername", "i3"."ConnectionId", "i3"."EndpointUrl", "i3"."FlowId", "i3"."HttpMethod", "i3"."MappingCode", "i3"."NodeName", "i3"."PositionX", "i3"."PositionY", "i3"."PostFlightCode", "i3"."PreFlightCode", "i3"."StepConfig", "i3"."StepType", "i3"."TenantId" AS "TenantId0", "i3"."UrlCode", "i3"."UrlMode", "i4"."Id" AS "Id1", "i4"."Condition", "i4"."FlowId" AS "FlowId0", "i4"."Order", "i4"."SourceNodeId", "i4"."SourcePortId", "i4"."TargetNodeId", "i4"."TargetPortId", "i4"."TenantId" AS "TenantId1"
          FROM "IntegrationFlows" AS "i0"
          LEFT JOIN (
              SELECT "i1"."Id", "i1"."AuthPassword", "i1"."AuthToken", "i1"."AuthType", "i1"."AuthUsername", "i1"."ConnectionId", "i1"."EndpointUrl", "i1"."FlowId", "i1"."HttpMethod", "i1"."MappingCode", "i1"."NodeName", "i1"."PositionX", "i1"."PositionY", "i1"."PostFlightCode", "i1"."PreFlightCode", "i1"."StepConfig", "i1"."StepType", "i1"."TenantId", "i1"."UrlCode", "i1"."UrlMode"
              FROM "IntegrationSteps" AS "i1"
              WHERE "i1"."TenantId" = @ef_filter__TenantId
          ) AS "i3" ON "i0"."Id" = "i3"."FlowId"
          LEFT JOIN (
              SELECT "i2"."Id", "i2"."Condition", "i2"."FlowId", "i2"."Order", "i2"."SourceNodeId", "i2"."SourcePortId", "i2"."TargetNodeId", "i2"."TargetPortId", "i2"."TenantId"
              FROM "IntegrationEdges" AS "i2"
              WHERE "i2"."TenantId" = @ef_filter__TenantId
          ) AS "i4" ON "i0"."Id" = "i4"."FlowId"
          WHERE "i0"."TenantId" = @ef_filter__TenantId
      ) AS "s" ON "i"."Id" = "s"."IntegrationId"
      WHERE "i"."TenantId" = @ef_filter__TenantId
      ORDER BY "i"."Name", "i"."Id", "s"."UpdatedAt" DESC, "s"."Id", "s"."Id0"
info: Microsoft.EntityFrameworkCore.Database.Command[20101]
      Executed DbCommand (1ms) [Parameters=[@ef_filter__TenantId='?' (DbType = Guid)], CommandType='Text', CommandTimeout='30']
      SELECT "i"."Id", "i"."CreatedAt", "i"."CronExpression", "i"."Description", "i"."IntegrationId", "i"."Name", "i"."PersistedStateJson", "i"."Status", "i"."TenantId", "i"."TriggerType", "i"."UpdatedAt", "i"."WebhookSecret", "i2"."Id", "i2"."AuthPassword", "i2"."AuthToken", "i2"."AuthType", "i2"."AuthUsername", "i2"."ConnectionId", "i2"."EndpointUrl", "i2"."FlowId", "i2"."HttpMethod", "i2"."MappingCode", "i2"."NodeName", "i2"."PositionX", "i2"."PositionY", "i2"."PostFlightCode", "i2"."PreFlightCode", "i2"."StepConfig", "i2"."StepType", "i2"."TenantId", "i2"."UrlCode", "i2"."UrlMode", "i3"."Id", "i3"."Condition", "i3"."FlowId", "i3"."Order", "i3"."SourceNodeId", "i3"."SourcePortId", "i3"."TargetNodeId", "i3"."TargetPortId", "i3"."TenantId"
      FROM "IntegrationFlows" AS "i"
      LEFT JOIN (
          SELECT "i0"."Id", "i0"."AuthPassword", "i0"."AuthToken", "i0"."AuthType", "i0"."AuthUsername", "i0"."ConnectionId", "i0"."EndpointUrl", "i0"."FlowId", "i0"."HttpMethod", "i0"."MappingCode", "i0"."NodeName", "i0"."PositionX", "i0"."PositionY", "i0"."PostFlightCode", "i0"."PreFlightCode", "i0"."StepConfig", "i0"."StepType", "i0"."TenantId", "i0"."UrlCode", "i0"."UrlMode"
          FROM "IntegrationSteps" AS "i0"
          WHERE "i0"."TenantId" = @ef_filter__TenantId
      ) AS "i2" ON "i"."Id" = "i2"."FlowId"
      LEFT JOIN (
          SELECT "i1"."Id", "i1"."Condition", "i1"."FlowId", "i1"."Order", "i1"."SourceNodeId", "i1"."SourcePortId", "i1"."TargetNodeId", "i1"."TargetPortId", "i1"."TenantId"
          FROM "IntegrationEdges" AS "i1"
          WHERE "i1"."TenantId" = @ef_filter__TenantId
      ) AS "i3" ON "i"."Id" = "i3"."FlowId"
      WHERE "i"."TenantId" = @ef_filter__TenantId
      ORDER BY "i"."UpdatedAt" DESC, "i"."Id", "i2"."Id"
info: Microsoft.EntityFrameworkCore.Database.Command[20101]
      Executed DbCommand (1ms) [Parameters=[@ef_filter__TenantId='?' (DbType = Guid)], CommandType='Text', CommandTimeout='30']
      SELECT "i"."Id", "i"."CreatedAt", "i"."Description", "i"."Name", "i"."TenantId", "i"."UpdatedAt", "s"."Id", "s"."CreatedAt", "s"."CronExpression", "s"."Description", "s"."IntegrationId", "s"."Name", "s"."PersistedStateJson", "s"."Status", "s"."TenantId", "s"."TriggerType", "s"."UpdatedAt", "s"."WebhookSecret", "s"."Id0", "s"."AuthPassword", "s"."AuthToken", "s"."AuthType", "s"."AuthUsername", "s"."ConnectionId", "s"."EndpointUrl", "s"."FlowId", "s"."HttpMethod", "s"."MappingCode", "s"."NodeName", "s"."PositionX", "s"."PositionY", "s"."PostFlightCode", "s"."PreFlightCode", "s"."StepConfig", "s"."StepType", "s"."TenantId0", "s"."UrlCode", "s"."UrlMode", "s"."Id1", "s"."Condition", "s"."FlowId0", "s"."Order", "s"."SourceNodeId", "s"."SourcePortId", "s"."TargetNodeId", "s"."TargetPortId", "s"."TenantId1"
      FROM "Integrations" AS "i"
      LEFT JOIN (
          SELECT "i0"."Id", "i0"."CreatedAt", "i0"."CronExpression", "i0"."Description", "i0"."IntegrationId", "i0"."Name", "i0"."PersistedStateJson", "i0"."Status", "i0"."TenantId", "i0"."TriggerType", "i0"."UpdatedAt", "i0"."WebhookSecret", "i3"."Id" AS "Id0", "i3"."AuthPassword", "i3"."AuthToken", "i3"."AuthType", "i3"."AuthUsername", "i3"."ConnectionId", "i3"."EndpointUrl", "i3"."FlowId", "i3"."HttpMethod", "i3"."MappingCode", "i3"."NodeName", "i3"."PositionX", "i3"."PositionY", "i3"."PostFlightCode", "i3"."PreFlightCode", "i3"."StepConfig", "i3"."StepType", "i3"."TenantId" AS "TenantId0", "i3"."UrlCode", "i3"."UrlMode", "i4"."Id" AS "Id1", "i4"."Condition", "i4"."FlowId" AS "FlowId0", "i4"."Order", "i4"."SourceNodeId", "i4"."SourcePortId", "i4"."TargetNodeId", "i4"."TargetPortId", "i4"."TenantId" AS "TenantId1"
          FROM "IntegrationFlows" AS "i0"
          LEFT JOIN (
              SELECT "i1"."Id", "i1"."AuthPassword", "i1"."AuthToken", "i1"."AuthType", "i1"."AuthUsername", "i1"."ConnectionId", "i1"."EndpointUrl", "i1"."FlowId", "i1"."HttpMethod", "i1"."MappingCode", "i1"."NodeName", "i1"."PositionX", "i1"."PositionY", "i1"."PostFlightCode", "i1"."PreFlightCode", "i1"."StepConfig", "i1"."StepType", "i1"."TenantId", "i1"."UrlCode", "i1"."UrlMode"
              FROM "IntegrationSteps" AS "i1"
              WHERE "i1"."TenantId" = @ef_filter__TenantId
          ) AS "i3" ON "i0"."Id" = "i3"."FlowId"
          LEFT JOIN (
              SELECT "i2"."Id", "i2"."Condition", "i2"."FlowId", "i2"."Order", "i2"."SourceNodeId", "i2"."SourcePortId", "i2"."TargetNodeId", "i2"."TargetPortId", "i2"."TenantId"
              FROM "IntegrationEdges" AS "i2"
              WHERE "i2"."TenantId" = @ef_filter__TenantId
          ) AS "i4" ON "i0"."Id" = "i4"."FlowId"
          WHERE "i0"."TenantId" = @ef_filter__TenantId
      ) AS "s" ON "i"."Id" = "s"."IntegrationId"
      WHERE "i"."TenantId" = @ef_filter__TenantId
      ORDER BY "i"."Name", "i"."Id", "s"."UpdatedAt" DESC, "s"."Id", "s"."Id0"
info: Microsoft.EntityFrameworkCore.Database.Command[20101]
      Executed DbCommand (0ms) [Parameters=[@ef_filter__TenantId='?' (DbType = Guid)], CommandType='Text', CommandTimeout='30']
      SELECT "c"."Id", "c"."AuthConfigJson", "c"."AuthType", "c"."BaseUrl", "c"."CreatedAt", "c"."Name", "c"."Status", "c"."TenantId", "c"."UpdatedAt"
      FROM "Connections" AS "c"
      WHERE "c"."TenantId" = @ef_filter__TenantId
warn: Microsoft.EntityFrameworkCore.Query[20504]
      Compiling a query which loads related collections for more than one collection navigation, either via 'Include' or through projection, but no 'QuerySplittingBehavior' has been configured. By default, Entity Framework will use 'QuerySplittingBehavior.SingleQuery', which can potentially result in slow query performance. See https://go.microsoft.com/fwlink/?linkid=2134277 for more information. To identify the query that's triggering this warning call 'ConfigureWarnings(w => w.Throw(RelationalEventId.MultipleCollectionIncludeWarning))'.
info: Microsoft.EntityFrameworkCore.Database.Command[20101]
      Executed DbCommand (3ms) [Parameters=[@ef_filter__TenantId='?' (DbType = Guid), @id='?' (DbType = Guid)], CommandType='Text', CommandTimeout='30']
      SELECT "i2"."Id", "i2"."CreatedAt", "i2"."CronExpression", "i2"."Description", "i2"."IntegrationId", "i2"."Name", "i2"."PersistedStateJson", "i2"."Status", "i2"."TenantId", "i2"."TriggerType", "i2"."UpdatedAt", "i2"."WebhookSecret", "i3"."Id", "i3"."AuthPassword", "i3"."AuthToken", "i3"."AuthType", "i3"."AuthUsername", "i3"."ConnectionId", "i3"."EndpointUrl", "i3"."FlowId", "i3"."HttpMethod", "i3"."MappingCode", "i3"."NodeName", "i3"."PositionX", "i3"."PositionY", "i3"."PostFlightCode", "i3"."PreFlightCode", "i3"."StepConfig", "i3"."StepType", "i3"."TenantId", "i3"."UrlCode", "i3"."UrlMode", "i4"."Id", "i4"."Condition", "i4"."FlowId", "i4"."Order", "i4"."SourceNodeId", "i4"."SourcePortId", "i4"."TargetNodeId", "i4"."TargetPortId", "i4"."TenantId"
      FROM (
          SELECT "i"."Id", "i"."CreatedAt", "i"."CronExpression", "i"."Description", "i"."IntegrationId", "i"."Name", "i"."PersistedStateJson", "i"."Status", "i"."TenantId", "i"."TriggerType", "i"."UpdatedAt", "i"."WebhookSecret"
          FROM "IntegrationFlows" AS "i"
          WHERE "i"."TenantId" = @ef_filter__TenantId AND "i"."Id" = @id
          LIMIT 1
      ) AS "i2"
      LEFT JOIN (
          SELECT "i0"."Id", "i0"."AuthPassword", "i0"."AuthToken", "i0"."AuthType", "i0"."AuthUsername", "i0"."ConnectionId", "i0"."EndpointUrl", "i0"."FlowId", "i0"."HttpMethod", "i0"."MappingCode", "i0"."NodeName", "i0"."PositionX", "i0"."PositionY", "i0"."PostFlightCode", "i0"."PreFlightCode", "i0"."StepConfig", "i0"."StepType", "i0"."TenantId", "i0"."UrlCode", "i0"."UrlMode"
          FROM "IntegrationSteps" AS "i0"
          WHERE "i0"."TenantId" = @ef_filter__TenantId
      ) AS "i3" ON "i2"."Id" = "i3"."FlowId"
      LEFT JOIN (
          SELECT "i1"."Id", "i1"."Condition", "i1"."FlowId", "i1"."Order", "i1"."SourceNodeId", "i1"."SourcePortId", "i1"."TargetNodeId", "i1"."TargetPortId", "i1"."TenantId"
          FROM "IntegrationEdges" AS "i1"
          WHERE "i1"."TenantId" = @ef_filter__TenantId
      ) AS "i4" ON "i2"."Id" = "i4"."FlowId"
      ORDER BY "i2"."Id", "i3"."Id"
info: Microsoft.EntityFrameworkCore.Database.Command[20101]
      Executed DbCommand (3ms) [Parameters=[@ef_filter__TenantId='?' (DbType = Guid)], CommandType='Text', CommandTimeout='30']
      SELECT "i"."Id", "i"."CreatedAt", "i"."Description", "i"."Name", "i"."TenantId", "i"."UpdatedAt", "s"."Id", "s"."CreatedAt", "s"."CronExpression", "s"."Description", "s"."IntegrationId", "s"."Name", "s"."PersistedStateJson", "s"."Status", "s"."TenantId", "s"."TriggerType", "s"."UpdatedAt", "s"."WebhookSecret", "s"."Id0", "s"."AuthPassword", "s"."AuthToken", "s"."AuthType", "s"."AuthUsername", "s"."ConnectionId", "s"."EndpointUrl", "s"."FlowId", "s"."HttpMethod", "s"."MappingCode", "s"."NodeName", "s"."PositionX", "s"."PositionY", "s"."PostFlightCode", "s"."PreFlightCode", "s"."StepConfig", "s"."StepType", "s"."TenantId0", "s"."UrlCode", "s"."UrlMode", "s"."Id1", "s"."Condition", "s"."FlowId0", "s"."Order", "s"."SourceNodeId", "s"."SourcePortId", "s"."TargetNodeId", "s"."TargetPortId", "s"."TenantId1"
      FROM "Integrations" AS "i"
      LEFT JOIN (
          SELECT "i0"."Id", "i0"."CreatedAt", "i0"."CronExpression", "i0"."Description", "i0"."IntegrationId", "i0"."Name", "i0"."PersistedStateJson", "i0"."Status", "i0"."TenantId", "i0"."TriggerType", "i0"."UpdatedAt", "i0"."WebhookSecret", "i3"."Id" AS "Id0", "i3"."AuthPassword", "i3"."AuthToken", "i3"."AuthType", "i3"."AuthUsername", "i3"."ConnectionId", "i3"."EndpointUrl", "i3"."FlowId", "i3"."HttpMethod", "i3"."MappingCode", "i3"."NodeName", "i3"."PositionX", "i3"."PositionY", "i3"."PostFlightCode", "i3"."PreFlightCode", "i3"."StepConfig", "i3"."StepType", "i3"."TenantId" AS "TenantId0", "i3"."UrlCode", "i3"."UrlMode", "i4"."Id" AS "Id1", "i4"."Condition", "i4"."FlowId" AS "FlowId0", "i4"."Order", "i4"."SourceNodeId", "i4"."SourcePortId", "i4"."TargetNodeId", "i4"."TargetPortId", "i4"."TenantId" AS "TenantId1"
          FROM "IntegrationFlows" AS "i0"
          LEFT JOIN (
              SELECT "i1"."Id", "i1"."AuthPassword", "i1"."AuthToken", "i1"."AuthType", "i1"."AuthUsername", "i1"."ConnectionId", "i1"."EndpointUrl", "i1"."FlowId", "i1"."HttpMethod", "i1"."MappingCode", "i1"."NodeName", "i1"."PositionX", "i1"."PositionY", "i1"."PostFlightCode", "i1"."PreFlightCode", "i1"."StepConfig", "i1"."StepType", "i1"."TenantId", "i1"."UrlCode", "i1"."UrlMode"
              FROM "IntegrationSteps" AS "i1"
              WHERE "i1"."TenantId" = @ef_filter__TenantId
          ) AS "i3" ON "i0"."Id" = "i3"."FlowId"
          LEFT JOIN (
              SELECT "i2"."Id", "i2"."Condition", "i2"."FlowId", "i2"."Order", "i2"."SourceNodeId", "i2"."SourcePortId", "i2"."TargetNodeId", "i2"."TargetPortId", "i2"."TenantId"
              FROM "IntegrationEdges" AS "i2"
              WHERE "i2"."TenantId" = @ef_filter__TenantId
          ) AS "i4" ON "i0"."Id" = "i4"."FlowId"
          WHERE "i0"."TenantId" = @ef_filter__TenantId
      ) AS "s" ON "i"."Id" = "s"."IntegrationId"
      WHERE "i"."TenantId" = @ef_filter__TenantId
      ORDER BY "i"."Name", "i"."Id", "s"."UpdatedAt" DESC, "s"."Id", "s"."Id0"
info: Microsoft.EntityFrameworkCore.Database.Command[20101]
      Executed DbCommand (1ms) [Parameters=[@ef_filter__TenantId='?' (DbType = Guid)], CommandType='Text', CommandTimeout='30']
      SELECT "i"."Id", "i"."CreatedAt", "i"."CronExpression", "i"."Description", "i"."IntegrationId", "i"."Name", "i"."PersistedStateJson", "i"."Status", "i"."TenantId", "i"."TriggerType", "i"."UpdatedAt", "i"."WebhookSecret", "i2"."Id", "i2"."AuthPassword", "i2"."AuthToken", "i2"."AuthType", "i2"."AuthUsername", "i2"."ConnectionId", "i2"."EndpointUrl", "i2"."FlowId", "i2"."HttpMethod", "i2"."MappingCode", "i2"."NodeName", "i2"."PositionX", "i2"."PositionY", "i2"."PostFlightCode", "i2"."PreFlightCode", "i2"."StepConfig", "i2"."StepType", "i2"."TenantId", "i2"."UrlCode", "i2"."UrlMode", "i3"."Id", "i3"."Condition", "i3"."FlowId", "i3"."Order", "i3"."SourceNodeId", "i3"."SourcePortId", "i3"."TargetNodeId", "i3"."TargetPortId", "i3"."TenantId"
      FROM "IntegrationFlows" AS "i"
      LEFT JOIN (
          SELECT "i0"."Id", "i0"."AuthPassword", "i0"."AuthToken", "i0"."AuthType", "i0"."AuthUsername", "i0"."ConnectionId", "i0"."EndpointUrl", "i0"."FlowId", "i0"."HttpMethod", "i0"."MappingCode", "i0"."NodeName", "i0"."PositionX", "i0"."PositionY", "i0"."PostFlightCode", "i0"."PreFlightCode", "i0"."StepConfig", "i0"."StepType", "i0"."TenantId", "i0"."UrlCode", "i0"."UrlMode"
          FROM "IntegrationSteps" AS "i0"
          WHERE "i0"."TenantId" = @ef_filter__TenantId
      ) AS "i2" ON "i"."Id" = "i2"."FlowId"
      LEFT JOIN (
          SELECT "i1"."Id", "i1"."Condition", "i1"."FlowId", "i1"."Order", "i1"."SourceNodeId", "i1"."SourcePortId", "i1"."TargetNodeId", "i1"."TargetPortId", "i1"."TenantId"
          FROM "IntegrationEdges" AS "i1"
          WHERE "i1"."TenantId" = @ef_filter__TenantId
      ) AS "i3" ON "i"."Id" = "i3"."FlowId"
      WHERE "i"."TenantId" = @ef_filter__TenantId
      ORDER BY "i"."UpdatedAt" DESC, "i"."Id", "i2"."Id"
info: Microsoft.EntityFrameworkCore.Database.Command[20101]
      Executed DbCommand (0ms) [Parameters=[@ef_filter__TenantId='?' (DbType = Guid), @p='?' (DbType = Int32)], CommandType='Text', CommandTimeout='30']
      SELECT "d"."Id", "d"."CreatedAt", "d"."ErrorMessage", "d"."FlowExecutionId", "d"."LastRetriedAt", "d"."Payload", "d"."RetryCount", "d"."Status", "d"."StepId", "d"."TenantId"
      FROM "DeadLetterEntries" AS "d"
      WHERE "d"."TenantId" = @ef_filter__TenantId AND "d"."Status" = 'Pending'
      ORDER BY "d"."CreatedAt"
      LIMIT @p
info: Microsoft.EntityFrameworkCore.Database.Command[20101]
      Executed DbCommand (1ms) [Parameters=[@ef_filter__TenantId='?' (DbType = Guid), @p='?' (DbType = Int32)], CommandType='Text', CommandTimeout='30']
      SELECT "d"."Id", "d"."CreatedAt", "d"."ErrorMessage", "d"."FlowExecutionId", "d"."LastRetriedAt", "d"."Payload", "d"."RetryCount", "d"."Status", "d"."StepId", "d"."TenantId"
      FROM "DeadLetterEntries" AS "d"
      WHERE "d"."TenantId" = @ef_filter__TenantId AND "d"."Status" = 'Pending'
      ORDER BY "d"."CreatedAt"
      LIMIT @p
info: Microsoft.EntityFrameworkCore.Database.Command[20101]
      Executed DbCommand (1ms) [Parameters=[@ef_filter__TenantId='?' (DbType = Guid), @p='?' (DbType = Int32)], CommandType='Text', CommandTimeout='30']
      SELECT "d"."Id", "d"."CreatedAt", "d"."ErrorMessage", "d"."FlowExecutionId", "d"."LastRetriedAt", "d"."Payload", "d"."RetryCount", "d"."Status", "d"."StepId", "d"."TenantId"
      FROM "DeadLetterEntries" AS "d"
      WHERE "d"."TenantId" = @ef_filter__TenantId AND "d"."Status" = 'Pending'
      ORDER BY "d"."CreatedAt"
      LIMIT @p
info: Microsoft.EntityFrameworkCore.Database.Command[20101]
      Executed DbCommand (3ms) [Parameters=[@ef_filter__TenantId='?' (DbType = Guid)], CommandType='Text', CommandTimeout='30']
      SELECT "i"."Id", "i"."CreatedAt", "i"."Description", "i"."Name", "i"."TenantId", "i"."UpdatedAt", "s"."Id", "s"."CreatedAt", "s"."CronExpression", "s"."Description", "s"."IntegrationId", "s"."Name", "s"."PersistedStateJson", "s"."Status", "s"."TenantId", "s"."TriggerType", "s"."UpdatedAt", "s"."WebhookSecret", "s"."Id0", "s"."AuthPassword", "s"."AuthToken", "s"."AuthType", "s"."AuthUsername", "s"."ConnectionId", "s"."EndpointUrl", "s"."FlowId", "s"."HttpMethod", "s"."MappingCode", "s"."NodeName", "s"."PositionX", "s"."PositionY", "s"."PostFlightCode", "s"."PreFlightCode", "s"."StepConfig", "s"."StepType", "s"."TenantId0", "s"."UrlCode", "s"."UrlMode", "s"."Id1", "s"."Condition", "s"."FlowId0", "s"."Order", "s"."SourceNodeId", "s"."SourcePortId", "s"."TargetNodeId", "s"."TargetPortId", "s"."TenantId1"
      FROM "Integrations" AS "i"
      LEFT JOIN (
          SELECT "i0"."Id", "i0"."CreatedAt", "i0"."CronExpression", "i0"."Description", "i0"."IntegrationId", "i0"."Name", "i0"."PersistedStateJson", "i0"."Status", "i0"."TenantId", "i0"."TriggerType", "i0"."UpdatedAt", "i0"."WebhookSecret", "i3"."Id" AS "Id0", "i3"."AuthPassword", "i3"."AuthToken", "i3"."AuthType", "i3"."AuthUsername", "i3"."ConnectionId", "i3"."EndpointUrl", "i3"."FlowId", "i3"."HttpMethod", "i3"."MappingCode", "i3"."NodeName", "i3"."PositionX", "i3"."PositionY", "i3"."PostFlightCode", "i3"."PreFlightCode", "i3"."StepConfig", "i3"."StepType", "i3"."TenantId" AS "TenantId0", "i3"."UrlCode", "i3"."UrlMode", "i4"."Id" AS "Id1", "i4"."Condition", "i4"."FlowId" AS "FlowId0", "i4"."Order", "i4"."SourceNodeId", "i4"."SourcePortId", "i4"."TargetNodeId", "i4"."TargetPortId", "i4"."TenantId" AS "TenantId1"
          FROM "IntegrationFlows" AS "i0"
          LEFT JOIN (
              SELECT "i1"."Id", "i1"."AuthPassword", "i1"."AuthToken", "i1"."AuthType", "i1"."AuthUsername", "i1"."ConnectionId", "i1"."EndpointUrl", "i1"."FlowId", "i1"."HttpMethod", "i1"."MappingCode", "i1"."NodeName", "i1"."PositionX", "i1"."PositionY", "i1"."PostFlightCode", "i1"."PreFlightCode", "i1"."StepConfig", "i1"."StepType", "i1"."TenantId", "i1"."UrlCode", "i1"."UrlMode"
              FROM "IntegrationSteps" AS "i1"
              WHERE "i1"."TenantId" = @ef_filter__TenantId
          ) AS "i3" ON "i0"."Id" = "i3"."FlowId"
          LEFT JOIN (
              SELECT "i2"."Id", "i2"."Condition", "i2"."FlowId", "i2"."Order", "i2"."SourceNodeId", "i2"."SourcePortId", "i2"."TargetNodeId", "i2"."TargetPortId", "i2"."TenantId"
              FROM "IntegrationEdges" AS "i2"
              WHERE "i2"."TenantId" = @ef_filter__TenantId
          ) AS "i4" ON "i0"."Id" = "i4"."FlowId"
          WHERE "i0"."TenantId" = @ef_filter__TenantId
      ) AS "s" ON "i"."Id" = "s"."IntegrationId"
      WHERE "i"."TenantId" = @ef_filter__TenantId
      ORDER BY "i"."Name", "i"."Id", "s"."UpdatedAt" DESC, "s"."Id", "s"."Id0"
info: Microsoft.EntityFrameworkCore.Database.Command[20101]
      Executed DbCommand (0ms) [Parameters=[@ef_filter__TenantId='?' (DbType = Guid)], CommandType='Text', CommandTimeout='30']
      SELECT "c"."Id", "c"."AuthConfigJson", "c"."AuthType", "c"."BaseUrl", "c"."CreatedAt", "c"."Name", "c"."Status", "c"."TenantId", "c"."UpdatedAt"
      FROM "Connections" AS "c"
      WHERE "c"."TenantId" = @ef_filter__TenantId
info: Microsoft.EntityFrameworkCore.Database.Command[20101]
      Executed DbCommand (1ms) [Parameters=[@ef_filter__TenantId='?' (DbType = Guid), @id='?' (DbType = Guid)], CommandType='Text', CommandTimeout='30']
      SELECT "i2"."Id", "i2"."CreatedAt", "i2"."CronExpression", "i2"."Description", "i2"."IntegrationId", "i2"."Name", "i2"."PersistedStateJson", "i2"."Status", "i2"."TenantId", "i2"."TriggerType", "i2"."UpdatedAt", "i2"."WebhookSecret", "i3"."Id", "i3"."AuthPassword", "i3"."AuthToken", "i3"."AuthType", "i3"."AuthUsername", "i3"."ConnectionId", "i3"."EndpointUrl", "i3"."FlowId", "i3"."HttpMethod", "i3"."MappingCode", "i3"."NodeName", "i3"."PositionX", "i3"."PositionY", "i3"."PostFlightCode", "i3"."PreFlightCode", "i3"."StepConfig", "i3"."StepType", "i3"."TenantId", "i3"."UrlCode", "i3"."UrlMode", "i4"."Id", "i4"."Condition", "i4"."FlowId", "i4"."Order", "i4"."SourceNodeId", "i4"."SourcePortId", "i4"."TargetNodeId", "i4"."TargetPortId", "i4"."TenantId"
      FROM (
          SELECT "i"."Id", "i"."CreatedAt", "i"."CronExpression", "i"."Description", "i"."IntegrationId", "i"."Name", "i"."PersistedStateJson", "i"."Status", "i"."TenantId", "i"."TriggerType", "i"."UpdatedAt", "i"."WebhookSecret"
          FROM "IntegrationFlows" AS "i"
          WHERE "i"."TenantId" = @ef_filter__TenantId AND "i"."Id" = @id
          LIMIT 1
      ) AS "i2"
      LEFT JOIN (
          SELECT "i0"."Id", "i0"."AuthPassword", "i0"."AuthToken", "i0"."AuthType", "i0"."AuthUsername", "i0"."ConnectionId", "i0"."EndpointUrl", "i0"."FlowId", "i0"."HttpMethod", "i0"."MappingCode", "i0"."NodeName", "i0"."PositionX", "i0"."PositionY", "i0"."PostFlightCode", "i0"."PreFlightCode", "i0"."StepConfig", "i0"."StepType", "i0"."TenantId", "i0"."UrlCode", "i0"."UrlMode"
          FROM "IntegrationSteps" AS "i0"
          WHERE "i0"."TenantId" = @ef_filter__TenantId
      ) AS "i3" ON "i2"."Id" = "i3"."FlowId"
      LEFT JOIN (
          SELECT "i1"."Id", "i1"."Condition", "i1"."FlowId", "i1"."Order", "i1"."SourceNodeId", "i1"."SourcePortId", "i1"."TargetNodeId", "i1"."TargetPortId", "i1"."TenantId"
          FROM "IntegrationEdges" AS "i1"
          WHERE "i1"."TenantId" = @ef_filter__TenantId
      ) AS "i4" ON "i2"."Id" = "i4"."FlowId"
      ORDER BY "i2"."Id", "i3"."Id"
info: Microsoft.EntityFrameworkCore.Database.Command[20101]
      Executed DbCommand (0ms) [Parameters=[@ef_filter__TenantId='?' (DbType = Guid), @p='?' (DbType = Int32)], CommandType='Text', CommandTimeout='30']
      SELECT "d"."Id", "d"."CreatedAt", "d"."ErrorMessage", "d"."FlowExecutionId", "d"."LastRetriedAt", "d"."Payload", "d"."RetryCount", "d"."Status", "d"."StepId", "d"."TenantId"
      FROM "DeadLetterEntries" AS "d"
      WHERE "d"."TenantId" = @ef_filter__TenantId AND "d"."Status" = 'Pending'
      ORDER BY "d"."CreatedAt"
      LIMIT @p
info: Microsoft.EntityFrameworkCore.Database.Command[20101]
      Executed DbCommand (1ms) [Parameters=[@ef_filter__TenantId='?' (DbType = Guid), @p='?' (DbType = Int32)], CommandType='Text', CommandTimeout='30']
      SELECT "d"."Id", "d"."CreatedAt", "d"."ErrorMessage", "d"."FlowExecutionId", "d"."LastRetriedAt", "d"."Payload", "d"."RetryCount", "d"."Status", "d"."StepId", "d"."TenantId"
      FROM "DeadLetterEntries" AS "d"
      WHERE "d"."TenantId" = @ef_filter__TenantId AND "d"."Status" = 'Pending'
      ORDER BY "d"."CreatedAt"
      LIMIT @p
info: Microsoft.EntityFrameworkCore.Database.Command[20101]
      Executed DbCommand (1ms) [Parameters=[@ef_filter__TenantId='?' (DbType = Guid), @p='?' (DbType = Int32)], CommandType='Text', CommandTimeout='30']
      SELECT "d"."Id", "d"."CreatedAt", "d"."ErrorMessage", "d"."FlowExecutionId", "d"."LastRetriedAt", "d"."Payload", "d"."RetryCount", "d"."Status", "d"."StepId", "d"."TenantId"
      FROM "DeadLetterEntries" AS "d"
      WHERE "d"."TenantId" = @ef_filter__TenantId AND "d"."Status" = 'Pending'
      ORDER BY "d"."CreatedAt"
      LIMIT @p
info: Microsoft.EntityFrameworkCore.Database.Command[20101]
      Executed DbCommand (1ms) [Parameters=[@ef_filter__TenantId='?' (DbType = Guid), @p='?' (DbType = Int32)], CommandType='Text', CommandTimeout='30']
      SELECT "d"."Id", "d"."CreatedAt", "d"."ErrorMessage", "d"."FlowExecutionId", "d"."LastRetriedAt", "d"."Payload", "d"."RetryCount", "d"."Status", "d"."StepId", "d"."TenantId"
      FROM "DeadLetterEntries" AS "d"
      WHERE "d"."TenantId" = @ef_filter__TenantId AND "d"."Status" = 'Pending'
      ORDER BY "d"."CreatedAt"
      LIMIT @p
info: Microsoft.EntityFrameworkCore.Database.Command[20101]
      Executed DbCommand (1ms) [Parameters=[@ef_filter__TenantId='?' (DbType = Guid), @p='?' (DbType = Int32)], CommandType='Text', CommandTimeout='30']
      SELECT "d"."Id", "d"."CreatedAt", "d"."ErrorMessage", "d"."FlowExecutionId", "d"."LastRetriedAt", "d"."Payload", "d"."RetryCount", "d"."Status", "d"."StepId", "d"."TenantId"
      FROM "DeadLetterEntries" AS "d"
      WHERE "d"."TenantId" = @ef_filter__TenantId AND "d"."Status" = 'Pending'
      ORDER BY "d"."CreatedAt"
      LIMIT @p
info: Microsoft.EntityFrameworkCore.Database.Command[20101]
      Executed DbCommand (0ms) [Parameters=[@ef_filter__TenantId='?' (DbType = Guid), @p='?' (DbType = Int32)], CommandType='Text', CommandTimeout='30']
      SELECT "d"."Id", "d"."CreatedAt", "d"."ErrorMessage", "d"."FlowExecutionId", "d"."LastRetriedAt", "d"."Payload", "d"."RetryCount", "d"."Status", "d"."StepId", "d"."TenantId"
      FROM "DeadLetterEntries" AS "d"
      WHERE "d"."TenantId" = @ef_filter__TenantId AND "d"."Status" = 'Pending'
      ORDER BY "d"."CreatedAt"
      LIMIT @p
info: Microsoft.EntityFrameworkCore.Database.Command[20101]
      Executed DbCommand (1ms) [Parameters=[@ef_filter__TenantId='?' (DbType = Guid), @p='?' (DbType = Int32)], CommandType='Text', CommandTimeout='30']
      SELECT "d"."Id", "d"."CreatedAt", "d"."ErrorMessage", "d"."FlowExecutionId", "d"."LastRetriedAt", "d"."Payload", "d"."RetryCount", "d"."Status", "d"."StepId", "d"."TenantId"
      FROM "DeadLetterEntries" AS "d"
      WHERE "d"."TenantId" = @ef_filter__TenantId AND "d"."Status" = 'Pending'
      ORDER BY "d"."CreatedAt"
      LIMIT @p
info: Microsoft.EntityFrameworkCore.Database.Command[20101]
      Executed DbCommand (1ms) [Parameters=[@ef_filter__TenantId='?' (DbType = Guid), @p='?' (DbType = Int32)], CommandType='Text', CommandTimeout='30']
      SELECT "d"."Id", "d"."CreatedAt", "d"."ErrorMessage", "d"."FlowExecutionId", "d"."LastRetriedAt", "d"."Payload", "d"."RetryCount", "d"."Status", "d"."StepId", "d"."TenantId"
      FROM "DeadLetterEntries" AS "d"
      WHERE "d"."TenantId" = @ef_filter__TenantId AND "d"."Status" = 'Pending'
      ORDER BY "d"."CreatedAt"
      LIMIT @p
info: Microsoft.EntityFrameworkCore.Database.Command[20101]
      Executed DbCommand (0ms) [Parameters=[@ef_filter__TenantId='?' (DbType = Guid), @p='?' (DbType = Int32)], CommandType='Text', CommandTimeout='30']
      SELECT "d"."Id", "d"."CreatedAt", "d"."ErrorMessage", "d"."FlowExecutionId", "d"."LastRetriedAt", "d"."Payload", "d"."RetryCount", "d"."Status", "d"."StepId", "d"."TenantId"
      FROM "DeadLetterEntries" AS "d"
      WHERE "d"."TenantId" = @ef_filter__TenantId AND "d"."Status" = 'Pending'
      ORDER BY "d"."CreatedAt"
      LIMIT @p
info: Microsoft.EntityFrameworkCore.Database.Command[20101]
      Executed DbCommand (1ms) [Parameters=[@ef_filter__TenantId='?' (DbType = Guid), @p='?' (DbType = Int32)], CommandType='Text', CommandTimeout='30']
      SELECT "d"."Id", "d"."CreatedAt", "d"."ErrorMessage", "d"."FlowExecutionId", "d"."LastRetriedAt", "d"."Payload", "d"."RetryCount", "d"."Status", "d"."StepId", "d"."TenantId"
      FROM "DeadLetterEntries" AS "d"
      WHERE "d"."TenantId" = @ef_filter__TenantId AND "d"."Status" = 'Pending'
      ORDER BY "d"."CreatedAt"
      LIMIT @p
info: Microsoft.EntityFrameworkCore.Database.Command[20101]
      Executed DbCommand (0ms) [Parameters=[@ef_filter__TenantId='?' (DbType = Guid), @p='?' (DbType = Int32)], CommandType='Text', CommandTimeout='30']
      SELECT "d"."Id", "d"."CreatedAt", "d"."ErrorMessage", "d"."FlowExecutionId", "d"."LastRetriedAt", "d"."Payload", "d"."RetryCount", "d"."Status", "d"."StepId", "d"."TenantId"
      FROM "DeadLetterEntries" AS "d"
      WHERE "d"."TenantId" = @ef_filter__TenantId AND "d"."Status" = 'Pending'
      ORDER BY "d"."CreatedAt"
      LIMIT @p
info: Microsoft.EntityFrameworkCore.Database.Command[20101]
      Executed DbCommand (0ms) [Parameters=[@ef_filter__TenantId='?' (DbType = Guid), @p='?' (DbType = Int32)], CommandType='Text', CommandTimeout='30']
      SELECT "d"."Id", "d"."CreatedAt", "d"."ErrorMessage", "d"."FlowExecutionId", "d"."LastRetriedAt", "d"."Payload", "d"."RetryCount", "d"."Status", "d"."StepId", "d"."TenantId"
      FROM "DeadLetterEntries" AS "d"
      WHERE "d"."TenantId" = @ef_filter__TenantId AND "d"."Status" = 'Pending'
      ORDER BY "d"."CreatedAt"
      LIMIT @p
info: Microsoft.EntityFrameworkCore.Database.Command[20101]
      Executed DbCommand (0ms) [Parameters=[@ef_filter__TenantId='?' (DbType = Guid), @p='?' (DbType = Int32)], CommandType='Text', CommandTimeout='30']
      SELECT "d"."Id", "d"."CreatedAt", "d"."ErrorMessage", "d"."FlowExecutionId", "d"."LastRetriedAt", "d"."Payload", "d"."RetryCount", "d"."Status", "d"."StepId", "d"."TenantId"
      FROM "DeadLetterEntries" AS "d"
      WHERE "d"."TenantId" = @ef_filter__TenantId AND "d"."Status" = 'Pending'
      ORDER BY "d"."CreatedAt"
      LIMIT @p
info: Microsoft.EntityFrameworkCore.Database.Command[20101]
      Executed DbCommand (0ms) [Parameters=[@ef_filter__TenantId='?' (DbType = Guid), @p='?' (DbType = Int32)], CommandType='Text', CommandTimeout='30']
      SELECT "d"."Id", "d"."CreatedAt", "d"."ErrorMessage", "d"."FlowExecutionId", "d"."LastRetriedAt", "d"."Payload", "d"."RetryCount", "d"."Status", "d"."StepId", "d"."TenantId"
      FROM "DeadLetterEntries" AS "d"
      WHERE "d"."TenantId" = @ef_filter__TenantId AND "d"."Status" = 'Pending'
      ORDER BY "d"."CreatedAt"
      LIMIT @p
info: Microsoft.EntityFrameworkCore.Database.Command[20101]
      Executed DbCommand (0ms) [Parameters=[@ef_filter__TenantId='?' (DbType = Guid), @p='?' (DbType = Int32)], CommandType='Text', CommandTimeout='30']
      SELECT "d"."Id", "d"."CreatedAt", "d"."ErrorMessage", "d"."FlowExecutionId", "d"."LastRetriedAt", "d"."Payload", "d"."RetryCount", "d"."Status", "d"."StepId", "d"."TenantId"
      FROM "DeadLetterEntries" AS "d"
      WHERE "d"."TenantId" = @ef_filter__TenantId AND "d"."Status" = 'Pending'
      ORDER BY "d"."CreatedAt"
      LIMIT @p
info: Microsoft.EntityFrameworkCore.Database.Command[20101]
      Executed DbCommand (0ms) [Parameters=[@ef_filter__TenantId='?' (DbType = Guid), @p='?' (DbType = Int32)], CommandType='Text', CommandTimeout='30']
      SELECT "d"."Id", "d"."CreatedAt", "d"."ErrorMessage", "d"."FlowExecutionId", "d"."LastRetriedAt", "d"."Payload", "d"."RetryCount", "d"."Status", "d"."StepId", "d"."TenantId"
      FROM "DeadLetterEntries" AS "d"
      WHERE "d"."TenantId" = @ef_filter__TenantId AND "d"."Status" = 'Pending'
      ORDER BY "d"."CreatedAt"
      LIMIT @p
info: Microsoft.EntityFrameworkCore.Database.Command[20101]
      Executed DbCommand (0ms) [Parameters=[@ef_filter__TenantId='?' (DbType = Guid), @p='?' (DbType = Int32)], CommandType='Text', CommandTimeout='30']
      SELECT "d"."Id", "d"."CreatedAt", "d"."ErrorMessage", "d"."FlowExecutionId", "d"."LastRetriedAt", "d"."Payload", "d"."RetryCount", "d"."Status", "d"."StepId", "d"."TenantId"
      FROM "DeadLetterEntries" AS "d"
      WHERE "d"."TenantId" = @ef_filter__TenantId AND "d"."Status" = 'Pending'
      ORDER BY "d"."CreatedAt"
      LIMIT @p
info: Microsoft.EntityFrameworkCore.Database.Command[20101]
      Executed DbCommand (0ms) [Parameters=[@ef_filter__TenantId='?' (DbType = Guid), @p='?' (DbType = Int32)], CommandType='Text', CommandTimeout='30']
      SELECT "d"."Id", "d"."CreatedAt", "d"."ErrorMessage", "d"."FlowExecutionId", "d"."LastRetriedAt", "d"."Payload", "d"."RetryCount", "d"."Status", "d"."StepId", "d"."TenantId"
      FROM "DeadLetterEntries" AS "d"
      WHERE "d"."TenantId" = @ef_filter__TenantId AND "d"."Status" = 'Pending'
      ORDER BY "d"."CreatedAt"
      LIMIT @p
info: Microsoft.EntityFrameworkCore.Database.Command[20101]
      Executed DbCommand (0ms) [Parameters=[@ef_filter__TenantId='?' (DbType = Guid), @p='?' (DbType = Int32)], CommandType='Text', CommandTimeout='30']
      SELECT "d"."Id", "d"."CreatedAt", "d"."ErrorMessage", "d"."FlowExecutionId", "d"."LastRetriedAt", "d"."Payload", "d"."RetryCount", "d"."Status", "d"."StepId", "d"."TenantId"
      FROM "DeadLetterEntries" AS "d"
      WHERE "d"."TenantId" = @ef_filter__TenantId AND "d"."Status" = 'Pending'
      ORDER BY "d"."CreatedAt"
      LIMIT @p
info: Microsoft.EntityFrameworkCore.Database.Command[20101]
      Executed DbCommand (0ms) [Parameters=[@ef_filter__TenantId='?' (DbType = Guid), @p='?' (DbType = Int32)], CommandType='Text', CommandTimeout='30']
      SELECT "d"."Id", "d"."CreatedAt", "d"."ErrorMessage", "d"."FlowExecutionId", "d"."LastRetriedAt", "d"."Payload", "d"."RetryCount", "d"."Status", "d"."StepId", "d"."TenantId"
      FROM "DeadLetterEntries" AS "d"
      WHERE "d"."TenantId" = @ef_filter__TenantId AND "d"."Status" = 'Pending'
      ORDER BY "d"."CreatedAt"
      LIMIT @p
info: Microsoft.EntityFrameworkCore.Database.Command[20101]
      Executed DbCommand (0ms) [Parameters=[@ef_filter__TenantId='?' (DbType = Guid), @p='?' (DbType = Int32)], CommandType='Text', CommandTimeout='30']
      SELECT "d"."Id", "d"."CreatedAt", "d"."ErrorMessage", "d"."FlowExecutionId", "d"."LastRetriedAt", "d"."Payload", "d"."RetryCount", "d"."Status", "d"."StepId", "d"."TenantId"
      FROM "DeadLetterEntries" AS "d"
      WHERE "d"."TenantId" = @ef_filter__TenantId AND "d"."Status" = 'Pending'
      ORDER BY "d"."CreatedAt"
      LIMIT @p
info: Microsoft.EntityFrameworkCore.Database.Command[20101]
      Executed DbCommand (0ms) [Parameters=[@ef_filter__TenantId='?' (DbType = Guid), @p='?' (DbType = Int32)], CommandType='Text', CommandTimeout='30']
      SELECT "d"."Id", "d"."CreatedAt", "d"."ErrorMessage", "d"."FlowExecutionId", "d"."LastRetriedAt", "d"."Payload", "d"."RetryCount", "d"."Status", "d"."StepId", "d"."TenantId"
      FROM "DeadLetterEntries" AS "d"
      WHERE "d"."TenantId" = @ef_filter__TenantId AND "d"."Status" = 'Pending'
      ORDER BY "d"."CreatedAt"
      LIMIT @p
info: Microsoft.EntityFrameworkCore.Database.Command[20101]
      Executed DbCommand (0ms) [Parameters=[@ef_filter__TenantId='?' (DbType = Guid), @p='?' (DbType = Int32)], CommandType='Text', CommandTimeout='30']
      SELECT "d"."Id", "d"."CreatedAt", "d"."ErrorMessage", "d"."FlowExecutionId", "d"."LastRetriedAt", "d"."Payload", "d"."RetryCount", "d"."Status", "d"."StepId", "d"."TenantId"
      FROM "DeadLetterEntries" AS "d"
      WHERE "d"."TenantId" = @ef_filter__TenantId AND "d"."Status" = 'Pending'
      ORDER BY "d"."CreatedAt"
      LIMIT @p
info: Microsoft.EntityFrameworkCore.Database.Command[20101]
      Executed DbCommand (0ms) [Parameters=[@ef_filter__TenantId='?' (DbType = Guid), @p='?' (DbType = Int32)], CommandType='Text', CommandTimeout='30']
      SELECT "d"."Id", "d"."CreatedAt", "d"."ErrorMessage", "d"."FlowExecutionId", "d"."LastRetriedAt", "d"."Payload", "d"."RetryCount", "d"."Status", "d"."StepId", "d"."TenantId"
      FROM "DeadLetterEntries" AS "d"
      WHERE "d"."TenantId" = @ef_filter__TenantId AND "d"."Status" = 'Pending'
      ORDER BY "d"."CreatedAt"
      LIMIT @p
info: Microsoft.EntityFrameworkCore.Database.Command[20101]
      Executed DbCommand (0ms) [Parameters=[@ef_filter__TenantId='?' (DbType = Guid), @p='?' (DbType = Int32)], CommandType='Text', CommandTimeout='30']
      SELECT "d"."Id", "d"."CreatedAt", "d"."ErrorMessage", "d"."FlowExecutionId", "d"."LastRetriedAt", "d"."Payload", "d"."RetryCount", "d"."Status", "d"."StepId", "d"."TenantId"
      FROM "DeadLetterEntries" AS "d"
      WHERE "d"."TenantId" = @ef_filter__TenantId AND "d"."Status" = 'Pending'
      ORDER BY "d"."CreatedAt"
      LIMIT @p
info: Microsoft.EntityFrameworkCore.Database.Command[20101]
      Executed DbCommand (0ms) [Parameters=[@ef_filter__TenantId='?' (DbType = Guid), @p='?' (DbType = Int32)], CommandType='Text', CommandTimeout='30']
      SELECT "d"."Id", "d"."CreatedAt", "d"."ErrorMessage", "d"."FlowExecutionId", "d"."LastRetriedAt", "d"."Payload", "d"."RetryCount", "d"."Status", "d"."StepId", "d"."TenantId"
      FROM "DeadLetterEntries" AS "d"
      WHERE "d"."TenantId" = @ef_filter__TenantId AND "d"."Status" = 'Pending'
      ORDER BY "d"."CreatedAt"
      LIMIT @p
info: Microsoft.EntityFrameworkCore.Database.Command[20101]
      Executed DbCommand (1ms) [Parameters=[@ef_filter__TenantId='?' (DbType = Guid), @p='?' (DbType = Int32)], CommandType='Text', CommandTimeout='30']
      SELECT "d"."Id", "d"."CreatedAt", "d"."ErrorMessage", "d"."FlowExecutionId", "d"."LastRetriedAt", "d"."Payload", "d"."RetryCount", "d"."Status", "d"."StepId", "d"."TenantId"
      FROM "DeadLetterEntries" AS "d"
      WHERE "d"."TenantId" = @ef_filter__TenantId AND "d"."Status" = 'Pending'
      ORDER BY "d"."CreatedAt"
      LIMIT @p
info: Microsoft.EntityFrameworkCore.Database.Command[20101]
      Executed DbCommand (0ms) [Parameters=[@ef_filter__TenantId='?' (DbType = Guid), @p='?' (DbType = Int32)], CommandType='Text', CommandTimeout='30']
      SELECT "d"."Id", "d"."CreatedAt", "d"."ErrorMessage", "d"."FlowExecutionId", "d"."LastRetriedAt", "d"."Payload", "d"."RetryCount", "d"."Status", "d"."StepId", "d"."TenantId"
      FROM "DeadLetterEntries" AS "d"
      WHERE "d"."TenantId" = @ef_filter__TenantId AND "d"."Status" = 'Pending'
      ORDER BY "d"."CreatedAt"
      LIMIT @p
info: Microsoft.EntityFrameworkCore.Database.Command[20101]
      Executed DbCommand (1ms) [Parameters=[@ef_filter__TenantId='?' (DbType = Guid), @p='?' (DbType = Int32)], CommandType='Text', CommandTimeout='30']
      SELECT "d"."Id", "d"."CreatedAt", "d"."ErrorMessage", "d"."FlowExecutionId", "d"."LastRetriedAt", "d"."Payload", "d"."RetryCount", "d"."Status", "d"."StepId", "d"."TenantId"
      FROM "DeadLetterEntries" AS "d"
      WHERE "d"."TenantId" = @ef_filter__TenantId AND "d"."Status" = 'Pending'
      ORDER BY "d"."CreatedAt"
      LIMIT @p
info: Microsoft.EntityFrameworkCore.Database.Command[20101]
      Executed DbCommand (0ms) [Parameters=[@ef_filter__TenantId='?' (DbType = Guid), @p='?' (DbType = Int32)], CommandType='Text', CommandTimeout='30']
      SELECT "d"."Id", "d"."CreatedAt", "d"."ErrorMessage", "d"."FlowExecutionId", "d"."LastRetriedAt", "d"."Payload", "d"."RetryCount", "d"."Status", "d"."StepId", "d"."TenantId"
      FROM "DeadLetterEntries" AS "d"
      WHERE "d"."TenantId" = @ef_filter__TenantId AND "d"."Status" = 'Pending'
      ORDER BY "d"."CreatedAt"
      LIMIT @p
info: Microsoft.EntityFrameworkCore.Database.Command[20101]
      Executed DbCommand (0ms) [Parameters=[@ef_filter__TenantId='?' (DbType = Guid), @p='?' (DbType = Int32)], CommandType='Text', CommandTimeout='30']
      SELECT "d"."Id", "d"."CreatedAt", "d"."ErrorMessage", "d"."FlowExecutionId", "d"."LastRetriedAt", "d"."Payload", "d"."RetryCount", "d"."Status", "d"."StepId", "d"."TenantId"
      FROM "DeadLetterEntries" AS "d"
      WHERE "d"."TenantId" = @ef_filter__TenantId AND "d"."Status" = 'Pending'
      ORDER BY "d"."CreatedAt"
      LIMIT @p
info: Microsoft.EntityFrameworkCore.Database.Command[20101]
      Executed DbCommand (1ms) [Parameters=[@ef_filter__TenantId='?' (DbType = Guid), @p='?' (DbType = Int32)], CommandType='Text', CommandTimeout='30']
      SELECT "d"."Id", "d"."CreatedAt", "d"."ErrorMessage", "d"."FlowExecutionId", "d"."LastRetriedAt", "d"."Payload", "d"."RetryCount", "d"."Status", "d"."StepId", "d"."TenantId"
      FROM "DeadLetterEntries" AS "d"
      WHERE "d"."TenantId" = @ef_filter__TenantId AND "d"."Status" = 'Pending'
      ORDER BY "d"."CreatedAt"
      LIMIT @p
info: Microsoft.EntityFrameworkCore.Database.Command[20101]
      Executed DbCommand (0ms) [Parameters=[@ef_filter__TenantId='?' (DbType = Guid), @p='?' (DbType = Int32)], CommandType='Text', CommandTimeout='30']
      SELECT "d"."Id", "d"."CreatedAt", "d"."ErrorMessage", "d"."FlowExecutionId", "d"."LastRetriedAt", "d"."Payload", "d"."RetryCount", "d"."Status", "d"."StepId", "d"."TenantId"
      FROM "DeadLetterEntries" AS "d"
      WHERE "d"."TenantId" = @ef_filter__TenantId AND "d"."Status" = 'Pending'
      ORDER BY "d"."CreatedAt"
      LIMIT @p
info: Microsoft.EntityFrameworkCore.Database.Command[20101]
      Executed DbCommand (0ms) [Parameters=[@ef_filter__TenantId='?' (DbType = Guid), @p='?' (DbType = Int32)], CommandType='Text', CommandTimeout='30']
      SELECT "d"."Id", "d"."CreatedAt", "d"."ErrorMessage", "d"."FlowExecutionId", "d"."LastRetriedAt", "d"."Payload", "d"."RetryCount", "d"."Status", "d"."StepId", "d"."TenantId"
      FROM "DeadLetterEntries" AS "d"
      WHERE "d"."TenantId" = @ef_filter__TenantId AND "d"."Status" = 'Pending'
      ORDER BY "d"."CreatedAt"
      LIMIT @p
info: Microsoft.EntityFrameworkCore.Database.Command[20101]
      Executed DbCommand (0ms) [Parameters=[@ef_filter__TenantId='?' (DbType = Guid), @p='?' (DbType = Int32)], CommandType='Text', CommandTimeout='30']
      SELECT "d"."Id", "d"."CreatedAt", "d"."ErrorMessage", "d"."FlowExecutionId", "d"."LastRetriedAt", "d"."Payload", "d"."RetryCount", "d"."Status", "d"."StepId", "d"."TenantId"
      FROM "DeadLetterEntries" AS "d"
      WHERE "d"."TenantId" = @ef_filter__TenantId AND "d"."Status" = 'Pending'
      ORDER BY "d"."CreatedAt"
      LIMIT @p
info: Microsoft.EntityFrameworkCore.Database.Command[20101]
      Executed DbCommand (0ms) [Parameters=[@ef_filter__TenantId='?' (DbType = Guid), @p='?' (DbType = Int32)], CommandType='Text', CommandTimeout='30']
      SELECT "d"."Id", "d"."CreatedAt", "d"."ErrorMessage", "d"."FlowExecutionId", "d"."LastRetriedAt", "d"."Payload", "d"."RetryCount", "d"."Status", "d"."StepId", "d"."TenantId"
      FROM "DeadLetterEntries" AS "d"
      WHERE "d"."TenantId" = @ef_filter__TenantId AND "d"."Status" = 'Pending'
      ORDER BY "d"."CreatedAt"
      LIMIT @p
info: Microsoft.EntityFrameworkCore.Database.Command[20101]
      Executed DbCommand (0ms) [Parameters=[@ef_filter__TenantId='?' (DbType = Guid), @p='?' (DbType = Int32)], CommandType='Text', CommandTimeout='30']
      SELECT "d"."Id", "d"."CreatedAt", "d"."ErrorMessage", "d"."FlowExecutionId", "d"."LastRetriedAt", "d"."Payload", "d"."RetryCount", "d"."Status", "d"."StepId", "d"."TenantId"
      FROM "DeadLetterEntries" AS "d"
      WHERE "d"."TenantId" = @ef_filter__TenantId AND "d"."Status" = 'Pending'
      ORDER BY "d"."CreatedAt"
      LIMIT @p
info: Microsoft.EntityFrameworkCore.Database.Command[20101]
      Executed DbCommand (1ms) [Parameters=[@ef_filter__TenantId='?' (DbType = Guid), @p='?' (DbType = Int32)], CommandType='Text', CommandTimeout='30']
      SELECT "d"."Id", "d"."CreatedAt", "d"."ErrorMessage", "d"."FlowExecutionId", "d"."LastRetriedAt", "d"."Payload", "d"."RetryCount", "d"."Status", "d"."StepId", "d"."TenantId"
      FROM "DeadLetterEntries" AS "d"
      WHERE "d"."TenantId" = @ef_filter__TenantId AND "d"."Status" = 'Pending'
      ORDER BY "d"."CreatedAt"
      LIMIT @p
info: Microsoft.EntityFrameworkCore.Database.Command[20101]
      Executed DbCommand (0ms) [Parameters=[@ef_filter__TenantId='?' (DbType = Guid), @p='?' (DbType = Int32)], CommandType='Text', CommandTimeout='30']
      SELECT "d"."Id", "d"."CreatedAt", "d"."ErrorMessage", "d"."FlowExecutionId", "d"."LastRetriedAt", "d"."Payload", "d"."RetryCount", "d"."Status", "d"."StepId", "d"."TenantId"
      FROM "DeadLetterEntries" AS "d"
      WHERE "d"."TenantId" = @ef_filter__TenantId AND "d"."Status" = 'Pending'
      ORDER BY "d"."CreatedAt"
      LIMIT @p
info: Microsoft.EntityFrameworkCore.Database.Command[20101]
      Executed DbCommand (1ms) [Parameters=[@ef_filter__TenantId='?' (DbType = Guid), @p='?' (DbType = Int32)], CommandType='Text', CommandTimeout='30']
      SELECT "d"."Id", "d"."CreatedAt", "d"."ErrorMessage", "d"."FlowExecutionId", "d"."LastRetriedAt", "d"."Payload", "d"."RetryCount", "d"."Status", "d"."StepId", "d"."TenantId"
      FROM "DeadLetterEntries" AS "d"
      WHERE "d"."TenantId" = @ef_filter__TenantId AND "d"."Status" = 'Pending'
      ORDER BY "d"."CreatedAt"
      LIMIT @p
info: Microsoft.EntityFrameworkCore.Database.Command[20101]
      Executed DbCommand (0ms) [Parameters=[@ef_filter__TenantId='?' (DbType = Guid), @p='?' (DbType = Int32)], CommandType='Text', CommandTimeout='30']
      SELECT "d"."Id", "d"."CreatedAt", "d"."ErrorMessage", "d"."FlowExecutionId", "d"."LastRetriedAt", "d"."Payload", "d"."RetryCount", "d"."Status", "d"."StepId", "d"."TenantId"
      FROM "DeadLetterEntries" AS "d"
      WHERE "d"."TenantId" = @ef_filter__TenantId AND "d"."Status" = 'Pending'
      ORDER BY "d"."CreatedAt"
      LIMIT @p
info: Microsoft.EntityFrameworkCore.Database.Command[20101]
      Executed DbCommand (0ms) [Parameters=[@ef_filter__TenantId='?' (DbType = Guid), @p='?' (DbType = Int32)], CommandType='Text', CommandTimeout='30']
      SELECT "d"."Id", "d"."CreatedAt", "d"."ErrorMessage", "d"."FlowExecutionId", "d"."LastRetriedAt", "d"."Payload", "d"."RetryCount", "d"."Status", "d"."StepId", "d"."TenantId"
      FROM "DeadLetterEntries" AS "d"
      WHERE "d"."TenantId" = @ef_filter__TenantId AND "d"."Status" = 'Pending'
      ORDER BY "d"."CreatedAt"
      LIMIT @p
info: Microsoft.EntityFrameworkCore.Database.Command[20101]
      Executed DbCommand (1ms) [Parameters=[@ef_filter__TenantId='?' (DbType = Guid), @p='?' (DbType = Int32)], CommandType='Text', CommandTimeout='30']
      SELECT "d"."Id", "d"."CreatedAt", "d"."ErrorMessage", "d"."FlowExecutionId", "d"."LastRetriedAt", "d"."Payload", "d"."RetryCount", "d"."Status", "d"."StepId", "d"."TenantId"
      FROM "DeadLetterEntries" AS "d"
      WHERE "d"."TenantId" = @ef_filter__TenantId AND "d"."Status" = 'Pending'
      ORDER BY "d"."CreatedAt"
      LIMIT @p
info: Microsoft.EntityFrameworkCore.Database.Command[20101]
      Executed DbCommand (0ms) [Parameters=[@ef_filter__TenantId='?' (DbType = Guid), @p='?' (DbType = Int32)], CommandType='Text', CommandTimeout='30']
      SELECT "d"."Id", "d"."CreatedAt", "d"."ErrorMessage", "d"."FlowExecutionId", "d"."LastRetriedAt", "d"."Payload", "d"."RetryCount", "d"."Status", "d"."StepId", "d"."TenantId"
      FROM "DeadLetterEntries" AS "d"
      WHERE "d"."TenantId" = @ef_filter__TenantId AND "d"."Status" = 'Pending'
      ORDER BY "d"."CreatedAt"
      LIMIT @p
info: Microsoft.EntityFrameworkCore.Database.Command[20101]
      Executed DbCommand (1ms) [Parameters=[@ef_filter__TenantId='?' (DbType = Guid), @p='?' (DbType = Int32)], CommandType='Text', CommandTimeout='30']
      SELECT "d"."Id", "d"."CreatedAt", "d"."ErrorMessage", "d"."FlowExecutionId", "d"."LastRetriedAt", "d"."Payload", "d"."RetryCount", "d"."Status", "d"."StepId", "d"."TenantId"
      FROM "DeadLetterEntries" AS "d"
      WHERE "d"."TenantId" = @ef_filter__TenantId AND "d"."Status" = 'Pending'
      ORDER BY "d"."CreatedAt"
      LIMIT @p
info: Microsoft.EntityFrameworkCore.Database.Command[20101]
      Executed DbCommand (0ms) [Parameters=[@ef_filter__TenantId='?' (DbType = Guid), @p='?' (DbType = Int32)], CommandType='Text', CommandTimeout='30']
      SELECT "d"."Id", "d"."CreatedAt", "d"."ErrorMessage", "d"."FlowExecutionId", "d"."LastRetriedAt", "d"."Payload", "d"."RetryCount", "d"."Status", "d"."StepId", "d"."TenantId"
      FROM "DeadLetterEntries" AS "d"
      WHERE "d"."TenantId" = @ef_filter__TenantId AND "d"."Status" = 'Pending'
      ORDER BY "d"."CreatedAt"
      LIMIT @p
info: Microsoft.EntityFrameworkCore.Database.Command[20101]
      Executed DbCommand (0ms) [Parameters=[@ef_filter__TenantId='?' (DbType = Guid), @p='?' (DbType = Int32)], CommandType='Text', CommandTimeout='30']
      SELECT "d"."Id", "d"."CreatedAt", "d"."ErrorMessage", "d"."FlowExecutionId", "d"."LastRetriedAt", "d"."Payload", "d"."RetryCount", "d"."Status", "d"."StepId", "d"."TenantId"
      FROM "DeadLetterEntries" AS "d"
      WHERE "d"."TenantId" = @ef_filter__TenantId AND "d"."Status" = 'Pending'
      ORDER BY "d"."CreatedAt"
      LIMIT @p
info: Microsoft.EntityFrameworkCore.Database.Command[20101]
      Executed DbCommand (0ms) [Parameters=[@ef_filter__TenantId='?' (DbType = Guid), @p='?' (DbType = Int32)], CommandType='Text', CommandTimeout='30']
      SELECT "d"."Id", "d"."CreatedAt", "d"."ErrorMessage", "d"."FlowExecutionId", "d"."LastRetriedAt", "d"."Payload", "d"."RetryCount", "d"."Status", "d"."StepId", "d"."TenantId"
      FROM "DeadLetterEntries" AS "d"
      WHERE "d"."TenantId" = @ef_filter__TenantId AND "d"."Status" = 'Pending'
      ORDER BY "d"."CreatedAt"
      LIMIT @p
info: Microsoft.EntityFrameworkCore.Database.Command[20101]
      Executed DbCommand (0ms) [Parameters=[@ef_filter__TenantId='?' (DbType = Guid), @p='?' (DbType = Int32)], CommandType='Text', CommandTimeout='30']
      SELECT "d"."Id", "d"."CreatedAt", "d"."ErrorMessage", "d"."FlowExecutionId", "d"."LastRetriedAt", "d"."Payload", "d"."RetryCount", "d"."Status", "d"."StepId", "d"."TenantId"
      FROM "DeadLetterEntries" AS "d"
      WHERE "d"."TenantId" = @ef_filter__TenantId AND "d"."Status" = 'Pending'
      ORDER BY "d"."CreatedAt"
      LIMIT @p
info: Microsoft.EntityFrameworkCore.Database.Command[20101]
      Executed DbCommand (0ms) [Parameters=[@ef_filter__TenantId='?' (DbType = Guid), @p='?' (DbType = Int32)], CommandType='Text', CommandTimeout='30']
      SELECT "d"."Id", "d"."CreatedAt", "d"."ErrorMessage", "d"."FlowExecutionId", "d"."LastRetriedAt", "d"."Payload", "d"."RetryCount", "d"."Status", "d"."StepId", "d"."TenantId"
      FROM "DeadLetterEntries" AS "d"
      WHERE "d"."TenantId" = @ef_filter__TenantId AND "d"."Status" = 'Pending'
      ORDER BY "d"."CreatedAt"
      LIMIT @p
info: Microsoft.EntityFrameworkCore.Database.Command[20101]
      Executed DbCommand (0ms) [Parameters=[@ef_filter__TenantId='?' (DbType = Guid), @p='?' (DbType = Int32)], CommandType='Text', CommandTimeout='30']
      SELECT "d"."Id", "d"."CreatedAt", "d"."ErrorMessage", "d"."FlowExecutionId", "d"."LastRetriedAt", "d"."Payload", "d"."RetryCount", "d"."Status", "d"."StepId", "d"."TenantId"
      FROM "DeadLetterEntries" AS "d"
      WHERE "d"."TenantId" = @ef_filter__TenantId AND "d"."Status" = 'Pending'
      ORDER BY "d"."CreatedAt"
      LIMIT @p
info: Microsoft.EntityFrameworkCore.Database.Command[20101]
      Executed DbCommand (1ms) [Parameters=[@ef_filter__TenantId='?' (DbType = Guid), @p='?' (DbType = Int32)], CommandType='Text', CommandTimeout='30']
      SELECT "d"."Id", "d"."CreatedAt", "d"."ErrorMessage", "d"."FlowExecutionId", "d"."LastRetriedAt", "d"."Payload", "d"."RetryCount", "d"."Status", "d"."StepId", "d"."TenantId"
      FROM "DeadLetterEntries" AS "d"
      WHERE "d"."TenantId" = @ef_filter__TenantId AND "d"."Status" = 'Pending'
      ORDER BY "d"."CreatedAt"
      LIMIT @p
info: Microsoft.EntityFrameworkCore.Database.Command[20101]
      Executed DbCommand (0ms) [Parameters=[@ef_filter__TenantId='?' (DbType = Guid), @p='?' (DbType = Int32)], CommandType='Text', CommandTimeout='30']
      SELECT "d"."Id", "d"."CreatedAt", "d"."ErrorMessage", "d"."FlowExecutionId", "d"."LastRetriedAt", "d"."Payload", "d"."RetryCount", "d"."Status", "d"."StepId", "d"."TenantId"
      FROM "DeadLetterEntries" AS "d"
      WHERE "d"."TenantId" = @ef_filter__TenantId AND "d"."Status" = 'Pending'
      ORDER BY "d"."CreatedAt"
      LIMIT @p
info: Microsoft.EntityFrameworkCore.Database.Command[20101]
      Executed DbCommand (0ms) [Parameters=[@ef_filter__TenantId='?' (DbType = Guid), @p='?' (DbType = Int32)], CommandType='Text', CommandTimeout='30']
      SELECT "d"."Id", "d"."CreatedAt", "d"."ErrorMessage", "d"."FlowExecutionId", "d"."LastRetriedAt", "d"."Payload", "d"."RetryCount", "d"."Status", "d"."StepId", "d"."TenantId"
      FROM "DeadLetterEntries" AS "d"
      WHERE "d"."TenantId" = @ef_filter__TenantId AND "d"."Status" = 'Pending'
      ORDER BY "d"."CreatedAt"
      LIMIT @p
info: Microsoft.EntityFrameworkCore.Database.Command[20101]
      Executed DbCommand (0ms) [Parameters=[@ef_filter__TenantId='?' (DbType = Guid), @p='?' (DbType = Int32)], CommandType='Text', CommandTimeout='30']
      SELECT "d"."Id", "d"."CreatedAt", "d"."ErrorMessage", "d"."FlowExecutionId", "d"."LastRetriedAt", "d"."Payload", "d"."RetryCount", "d"."Status", "d"."StepId", "d"."TenantId"
      FROM "DeadLetterEntries" AS "d"
      WHERE "d"."TenantId" = @ef_filter__TenantId AND "d"."Status" = 'Pending'
      ORDER BY "d"."CreatedAt"
      LIMIT @p
info: Microsoft.EntityFrameworkCore.Database.Command[20101]
      Executed DbCommand (0ms) [Parameters=[@ef_filter__TenantId='?' (DbType = Guid), @p='?' (DbType = Int32)], CommandType='Text', CommandTimeout='30']
      SELECT "d"."Id", "d"."CreatedAt", "d"."ErrorMessage", "d"."FlowExecutionId", "d"."LastRetriedAt", "d"."Payload", "d"."RetryCount", "d"."Status", "d"."StepId", "d"."TenantId"
      FROM "DeadLetterEntries" AS "d"
      WHERE "d"."TenantId" = @ef_filter__TenantId AND "d"."Status" = 'Pending'
      ORDER BY "d"."CreatedAt"
      LIMIT @p
info: Microsoft.EntityFrameworkCore.Database.Command[20101]
      Executed DbCommand (0ms) [Parameters=[@ef_filter__TenantId='?' (DbType = Guid), @p='?' (DbType = Int32)], CommandType='Text', CommandTimeout='30']
      SELECT "d"."Id", "d"."CreatedAt", "d"."ErrorMessage", "d"."FlowExecutionId", "d"."LastRetriedAt", "d"."Payload", "d"."RetryCount", "d"."Status", "d"."StepId", "d"."TenantId"
      FROM "DeadLetterEntries" AS "d"
      WHERE "d"."TenantId" = @ef_filter__TenantId AND "d"."Status" = 'Pending'
      ORDER BY "d"."CreatedAt"
      LIMIT @p
info: Microsoft.EntityFrameworkCore.Database.Command[20101]
      Executed DbCommand (0ms) [Parameters=[@ef_filter__TenantId='?' (DbType = Guid), @p='?' (DbType = Int32)], CommandType='Text', CommandTimeout='30']
      SELECT "d"."Id", "d"."CreatedAt", "d"."ErrorMessage", "d"."FlowExecutionId", "d"."LastRetriedAt", "d"."Payload", "d"."RetryCount", "d"."Status", "d"."StepId", "d"."TenantId"
      FROM "DeadLetterEntries" AS "d"
      WHERE "d"."TenantId" = @ef_filter__TenantId AND "d"."Status" = 'Pending'
      ORDER BY "d"."CreatedAt"
      LIMIT @p
info: Microsoft.EntityFrameworkCore.Database.Command[20101]
      Executed DbCommand (0ms) [Parameters=[@ef_filter__TenantId='?' (DbType = Guid), @p='?' (DbType = Int32)], CommandType='Text', CommandTimeout='30']
      SELECT "d"."Id", "d"."CreatedAt", "d"."ErrorMessage", "d"."FlowExecutionId", "d"."LastRetriedAt", "d"."Payload", "d"."RetryCount", "d"."Status", "d"."StepId", "d"."TenantId"
      FROM "DeadLetterEntries" AS "d"
      WHERE "d"."TenantId" = @ef_filter__TenantId AND "d"."Status" = 'Pending'
      ORDER BY "d"."CreatedAt"
      LIMIT @p
info: Microsoft.EntityFrameworkCore.Database.Command[20101]
      Executed DbCommand (0ms) [Parameters=[@ef_filter__TenantId='?' (DbType = Guid), @p='?' (DbType = Int32)], CommandType='Text', CommandTimeout='30']
      SELECT "d"."Id", "d"."CreatedAt", "d"."ErrorMessage", "d"."FlowExecutionId", "d"."LastRetriedAt", "d"."Payload", "d"."RetryCount", "d"."Status", "d"."StepId", "d"."TenantId"
      FROM "DeadLetterEntries" AS "d"
      WHERE "d"."TenantId" = @ef_filter__TenantId AND "d"."Status" = 'Pending'
      ORDER BY "d"."CreatedAt"
      LIMIT @p
info: Microsoft.EntityFrameworkCore.Database.Command[20101]
      Executed DbCommand (0ms) [Parameters=[@ef_filter__TenantId='?' (DbType = Guid), @p='?' (DbType = Int32)], CommandType='Text', CommandTimeout='30']
      SELECT "d"."Id", "d"."CreatedAt", "d"."ErrorMessage", "d"."FlowExecutionId", "d"."LastRetriedAt", "d"."Payload", "d"."RetryCount", "d"."Status", "d"."StepId", "d"."TenantId"
      FROM "DeadLetterEntries" AS "d"
      WHERE "d"."TenantId" = @ef_filter__TenantId AND "d"."Status" = 'Pending'
      ORDER BY "d"."CreatedAt"
      LIMIT @p
info: Microsoft.EntityFrameworkCore.Database.Command[20101]
      Executed DbCommand (0ms) [Parameters=[@ef_filter__TenantId='?' (DbType = Guid), @p='?' (DbType = Int32)], CommandType='Text', CommandTimeout='30']
      SELECT "d"."Id", "d"."CreatedAt", "d"."ErrorMessage", "d"."FlowExecutionId", "d"."LastRetriedAt", "d"."Payload", "d"."RetryCount", "d"."Status", "d"."StepId", "d"."TenantId"
      FROM "DeadLetterEntries" AS "d"
      WHERE "d"."TenantId" = @ef_filter__TenantId AND "d"."Status" = 'Pending'
      ORDER BY "d"."CreatedAt"
      LIMIT @p
info: Microsoft.EntityFrameworkCore.Database.Command[20101]
      Executed DbCommand (1ms) [Parameters=[@ef_filter__TenantId='?' (DbType = Guid), @p='?' (DbType = Int32)], CommandType='Text', CommandTimeout='30']
      SELECT "d"."Id", "d"."CreatedAt", "d"."ErrorMessage", "d"."FlowExecutionId", "d"."LastRetriedAt", "d"."Payload", "d"."RetryCount", "d"."Status", "d"."StepId", "d"."TenantId"
      FROM "DeadLetterEntries" AS "d"
      WHERE "d"."TenantId" = @ef_filter__TenantId AND "d"."Status" = 'Pending'
      ORDER BY "d"."CreatedAt"
      LIMIT @p
info: Microsoft.EntityFrameworkCore.Database.Command[20101]
      Executed DbCommand (3ms) [Parameters=[@ef_filter__TenantId='?' (DbType = Guid), @p='?' (DbType = Int32)], CommandType='Text', CommandTimeout='30']
      SELECT "d"."Id", "d"."CreatedAt", "d"."ErrorMessage", "d"."FlowExecutionId", "d"."LastRetriedAt", "d"."Payload", "d"."RetryCount", "d"."Status", "d"."StepId", "d"."TenantId"
      FROM "DeadLetterEntries" AS "d"
      WHERE "d"."TenantId" = @ef_filter__TenantId AND "d"."Status" = 'Pending'
      ORDER BY "d"."CreatedAt"
      LIMIT @p
